Mosquito,Population,Phylodiversity,Temperature,Precipitation,Leaf Index High Veg,Leaf Index Low Veg,Maximum Temperature,Minimum Temperature,Maximum 10 Meter U Wind,Minimum 10 Meter U Wind,Maximum 10 Meter V Wind,Maximum Leaf Area Index High Vegetation,Minimum Leaf Area Index High Vegetation,Maximum Leaf Area Index Low Vegetation,Minimum Leaf Area Index Low Vegetation,Maximum Skin Reservoir Content,EvergreenDeciduousNeedleleafTrees,HerbaceousVegetation
0.6931471805599453,11.108349961046898,0.954626909,297.2204895,0.005725027,1.722261786,2.674218655,4.440569401,-2.63015008,4.422156334,-3.874103546,301.3240356,1.957376361,1.541265249,2.773577929,2.596579075,0.00038034,0,0.0
1.0986122886681098,11.108349961046898,0.954626909,295.5944519,0.001466874,1.722261786,2.674218655,3.722011566,-3.020528316,4.7609725,-5.292706966,299.4749146,1.957376361,1.541265249,2.773577929,2.596579075,0.000413392,0,0.0
0.6931471805599453,9.828548465871634,0.487601154,298.4631348,0.003382714,2.188437223,2.998037815,4.090099335,-2.54147768,4.455234528,-3.225406885,301.7025146,2.362930536,1.864362478,2.999521732,2.995120525,0.000431421,0,2.8284271247461903
1.3862943611198906,10.857882990443828,0.63927467,295.9550476,0.002180065,2.358294964,2.820327759,3.923183441,-4.255114555,6.351819038,-6.457539082,301.3360596,2.399538517,2.248060226,2.866337538,2.689104557,0.000469713,0,4.0
1.0986122886681098,10.857882990443828,0.63927467,295.8072205,0.00508007,2.322765827,2.788928747,3.584677696,-4.479005814,6.403245926,-4.646244049,300.5389099,2.381687641,2.192418575,2.854225874,2.63390255,0.000466796,0,4.0
0.6931471805599453,10.857882990443828,0.63927467,294.5624695,0.003133611,2.096045732,2.512434959,5.129806995,-4.057877064,7.468202591,-2.987413645,299.8956604,2.237218142,1.986903429,2.676368713,2.387948036,0.000429542,0,4.0
0.6931471805599453,10.857882990443828,0.63927467,296.3418579,0.001263042,2.322765827,2.788928747,3.730880737,-3.165606022,4.618314266,-4.228315353,302.3456726,2.381687641,2.192418575,2.854225874,2.63390255,0.000423069,0,4.0
0.6931471805599453,10.857882990443828,0.63927467,296.7459412,0.001139693,2.358294964,2.820327759,5.308433533,-5.096662045,5.939929008,-3.300427198,302.614563,2.399538517,2.248060226,2.866337538,2.689104557,0.000453537,0,4.0
1.0986122886681098,10.857882990443828,0.63927467,297.6784668,0.001959174,2.322765827,2.788928747,3.79370594,-2.35785532,5.356764793,-4.073844433,302.6749878,2.381687641,2.192418575,2.854225874,2.63390255,0.000461014,0,4.0
0.6931471805599453,10.857882990443828,0.63927467,287.7005615,0.003862549,1.810678601,2.178233147,4.942459106,-7.849045753,4.994511604,-6.630060196,297.0054932,1.903409481,1.75854516,2.286728382,2.122427225,0.000356134,0,4.0
1.6094379124341003,10.857882990443828,0.63927467,295.7319336,0.002790684,2.322765827,2.788928747,5.25047493,-3.490226746,5.036218643,-3.907034636,301.1429443,2.381687641,2.192418575,2.854225874,2.63390255,0.000466936,0,4.0
0.6931471805599453,10.857882990443828,0.63927467,291.4969177,0.002072463,2.035370827,2.445201397,4.988194466,-3.073234081,4.58779335,-5.440199852,298.4080505,2.181401014,1.911260366,2.620748758,2.296159029,0.000402481,0,4.0
1.3862943611198906,10.347596284236497,0.932827329,296.0690002,0.007440754,2.307029247,2.193000317,4.879319668,-5.467897415,4.892650127,-3.98335886,302.9217529,2.408555746,2.232096195,2.61512804,1.878534794,0.000447393,0,3.872983346207417
1.0986122886681098,10.347596284236497,0.932827329,295.6428223,0.002149446,2.451010704,2.786005497,5.262628078,-4.528698921,3.414801359,-3.166366339,301.2602539,2.503029823,2.348110199,3.004281282,2.358050108,0.000531369,0,3.872983346207417
0.6931471805599453,10.347596284236497,0.932827329,294.6039124,0.001142974,2.237269402,1.895489812,5.118664265,-4.020591259,5.477499485,-5.905922413,299.6066589,2.339567423,2.170196056,2.322993755,1.609852433,0.000373632,0,3.872983346207417
0.6931471805599453,9.671996759734089,0.602544402,296.3460083,0.005402002,3.993031979,2.543934822,2.71124506,-4.677037716,4.980673313,-4.428294182,300.7897949,4.147479057,3.700705051,2.630371094,2.384765387,0.00062719,0,3.605551275463989
1.0986122886681098,9.671996759734089,0.602544402,294.352478,0.000704036,3.37606144,2.211194754,3.967348576,-3.123072624,4.48743248,-4.786716461,299.9971924,3.676855326,3.152352333,2.37183857,2.09604764,0.000506694,0,3.605551275463989
2.302585092994046,9.571923252267498,0.311820376,298.3284607,0.002960179,4.417026997,2.324090481,3.1588974,-3.582512856,5.653263092,-3.933395863,302.425415,4.542150021,4.229994774,2.503192425,2.057734728,0.000529495,0,2.6457513110645907
1.0986122886681098,12.210214058030724,1.220653649,297.1707458,0.004818501,1.676674366,2.334472895,5.776346207,-4.429733276,4.996040821,-5.099977493,302.839386,1.87463367,1.534271836,2.747207165,2.043353558,0.000440485,0,3.1622776601683795
1.3862943611198906,12.210214058030724,1.220653649,297.5154419,0.002259673,2.034802914,3.084725857,6.459370613,-4.107635498,5.234359264,-5.433017254,303.2933655,2.108160257,1.890165567,3.237042427,2.77980423,0.000524851,0,3.1622776601683795
2.3978952727983707,12.210214058030724,1.220653649,296.9884033,0.005947229,1.911992788,2.83519578,4.022107601,-3.584414482,6.054804325,-4.138504505,301.2440796,2.028081894,1.720789671,3.075829029,2.432873249,0.000527262,0,3.1622776601683795
2.0794415416798357,12.210214058030724,1.220653649,294.4201965,0.005193577,1.527825952,2.027083874,6.697516918,-5.553414345,5.37477684,-6.022496223,300.9933472,1.705682039,1.421516061,2.400878906,1.807988048,0.000393626,0,3.1622776601683795
0.6931471805599453,12.210214058030724,1.220653649,286.2099304,0.003424268,1.361050844,1.686380625,5.953414917,-3.683954716,5.577569485,-5.513308525,298.6852722,1.416747451,1.334076524,1.798214436,1.631718278,0.000300941,0,3.1622776601683795
0.6931471805599453,12.210214058030724,1.220653649,296.0178833,0.002896537,1.676674366,2.334472895,4.961191177,-5.237607479,8.332333565,-4.005817413,301.6579895,1.87463367,1.534271836,2.747207165,2.043353558,0.000445993,0,3.1622776601683795
1.3862943611198906,12.210214058030724,1.220653649,296.8695984,0.000838101,1.911992788,2.83519578,4.755193233,-3.538534641,5.432431698,-5.006402016,303.1334229,2.028081894,1.720789671,3.075829029,2.432873249,0.000539784,0,3.1622776601683795
1.3862943611198906,12.210214058030724,1.220653649,293.2790527,0.001640743,1.527825952,2.027083874,5.305037022,-4.297596931,6.521371841,-4.421010494,299.6865234,1.705682039,1.421516061,2.400878906,1.807988048,0.000379769,0,3.1622776601683795
1.0986122886681098,12.210214058030724,1.220653649,285.6227722,0.002189032,1.361050844,1.686380625,5.532291889,-4.423474312,6.99896574,-5.189835548,294.8199158,1.416747451,1.334076524,1.798214436,1.631718278,0.000313787,0,3.1622776601683795
0.6931471805599453,12.210214058030724,1.220653649,296.5545959,0.003787753,2.034802914,3.084725857,4.426623821,-4.085091114,3.995448828,-3.772756338,300.9178772,2.108160257,1.890165567,3.237042427,2.77980423,0.000565464,0,3.1622776601683795
1.0986122886681098,12.210214058030724,1.220653649,297.6729431,0.003649313,1.911992788,2.83519578,4.487997532,-3.329597473,5.076160908,-3.058218241,301.5793457,2.028081894,1.720789671,3.075829029,2.432873249,0.00052374,0,3.1622776601683795
0.6931471805599453,12.210214058030724,1.220653649,294.6177368,0.002101113,1.527825952,2.027083874,4.82410574,-3.14870882,5.964314938,-6.934339523,300.5316162,1.705682039,1.421516061,2.400878906,1.807988048,0.000384454,0,3.1622776601683795
0.6931471805599453,9.503233841478497,-1.233862039,299.273407,0.002748912,2.377843857,0.627831578,4.053312302,-3.244826317,3.57880497,-4.440629959,305.1644287,2.483861685,2.148405552,0.628648877,0.626352072,0.000457852,0,1.7320508075688772
1.0986122886681098,9.503233841478497,-1.233862039,296.1802063,0.006191739,1.820818186,0.624152422,4.175262928,-3.538039446,4.279069901,-4.802530766,302.4503784,2.124370098,1.604822516,0.626097083,0.622930288,0.000366361,0,1.7320508075688772
0.6931471805599453,9.503233841478497,-1.233862039,298.6441345,0.004827031,2.377843857,0.627831578,2.214762211,-2.536195755,2.984971046,-3.266577482,303.0265808,2.483861685,2.148405552,0.628648877,0.626352072,0.000461364,0,1.7320508075688772
1.0986122886681098,9.503233841478497,-1.233862039,299.6256714,0.002456725,2.199793577,0.626470804,2.939414501,-2.67829752,4.032701969,-2.348757029,303.7178345,2.387245417,1.84460187,0.627704501,0.624377847,0.00039667,0,1.7320508075688772
2.70805020110221,10.343740486129956,1.140058894,298.3160095,0.002472034,2.168969393,2.69911623,3.033319235,-2.189644098,3.655474663,-2.459248304,302.4444275,2.298863173,1.868993759,2.701918602,2.691529274,0.000425814,0,5.0
1.0986122886681098,10.343740486129956,1.140058894,294.6488342,0.001221269,1.507790208,2.682837009,3.255544901,-2.309399128,3.019845247,-4.313466072,301.9159546,1.843725204,1.226228118,2.690914154,2.676991463,0.000347492,0,5.0
1.0986122886681098,12.480791051590096,1.52671091,289.7417297,0.005763737,4.979406357,1.036877155,6.297364712,-5.987637043,6.963265896,-5.145946026,300.0796204,4.990706444,4.966529846,1.107659578,0.952028811,0.000239612,6,0.0
3.8918202981106265,12.480791051590096,1.52671091,293.5574341,0.004339979,4.998063087,1.153099298,5.589310646,-6.043921947,5.141087532,-5.783554077,301.9234009,5.001253605,4.991422653,1.17185533,1.111930132,0.000254039,6,0.0
6.450470422144176,12.480791051590096,1.52671091,296.1346436,0.002191875,4.995629787,1.142716885,5.090191841,-3.695561409,6.118056774,-6.403036594,301.6683655,4.998147011,4.993515015,1.156502485,1.12963438,0.000250606,6,0.0
7.144407180321139,12.480791051590096,1.52671091,296.5863647,0.003883107,4.991005898,1.11252737,4.690138817,-5.245458603,7.601621628,-4.221797466,300.8884888,4.993400574,4.98730278,1.128793359,1.090204716,0.000247271,6,0.0
4.2626798770413155,12.480791051590096,1.52671091,293.2583313,0.001983451,4.981353283,1.0508883,7.494376183,-6.262393951,7.397017479,-6.405893326,300.0155945,4.987083435,4.972676754,1.088643432,0.989483714,0.00020731,6,0.0
1.3862943611198906,12.480791051590096,1.52671091,284.9251404,0.003832587,4.961642265,0.914909363,8.64871788,-4.337220669,6.48368454,-7.644013405,297.1679382,4.971899986,4.951879501,0.984481752,0.855345368,0.000223454,6,0.0
2.0794415416798357,12.480791051590096,1.52671091,286.642334,0.005640607,4.979406357,1.036877155,6.017850399,-8.140272141,8.058671951,-5.462981224,296.5586853,4.990706444,4.966529846,1.107659578,0.952028811,0.000239816,6,0.0
3.4011973816621555,12.480791051590096,1.52671091,291.3643188,0.004869897,4.998063087,1.153099298,5.304777622,-4.613407135,6.176688194,-8.726735115,298.1195068,5.001253605,4.991422653,1.17185533,1.111930132,0.000254035,6,0.0
4.127134385045092,12.480791051590096,1.52671091,296.642334,0.002436166,4.995629787,1.142716885,4.043037891,-3.741900921,4.879770756,-6.808649063,302.7111206,4.998147011,4.993515015,1.156502485,1.12963438,0.000250217,6,0.0
6.20455776256869,12.480791051590096,1.52671091,295.3305969,0.003241432,4.991005898,1.11252737,6.201013088,-5.439687729,5.000594139,-5.169106007,299.4477234,4.993400574,4.98730278,1.128793359,1.090204716,0.00023892,6,0.0
5.733341276897746,12.480791051590096,1.52671091,293.8475647,0.004189292,4.981353283,1.0508883,6.007855415,-4.95329237,7.07263279,-6.346592426,298.4309387,4.987083435,4.972676754,1.088643432,0.989483714,0.000239492,6,0.0
0.6931471805599453,12.480791051590096,1.52671091,284.7621155,0.006536853,4.961642265,0.914909363,9.53976059,-7.784304142,7.174524307,-8.965057373,298.285553,4.971899986,4.951879501,0.984481752,0.855345368,0.00022569,6,0.0
0.6931471805599453,12.480791051590096,1.52671091,286.1802063,0.004621231,4.979406357,1.036877155,5.889421463,-5.555305958,6.69219923,-8.491743088,296.5401306,4.990706444,4.966529846,1.107659578,0.952028811,0.000240866,6,0.0
2.1972245773362196,12.480791051590096,1.52671091,293.9960632,0.002862201,4.998063087,1.153099298,6.621724606,-4.430055618,10.13319492,-4.954311371,298.6907349,5.001253605,4.991422653,1.17185533,1.111930132,0.000253614,6,0.0
5.288267030694535,12.480791051590096,1.52671091,297.6031494,0.00392641,4.995629787,1.142716885,7.547859192,-7.566064835,5.669122219,-6.010093689,302.5005188,4.998147011,4.993515015,1.156502485,1.12963438,0.000250337,6,0.0
7.210079628170788,12.480791051590096,1.52671091,296.453064,0.001051993,4.991005898,1.11252737,4.636120796,-4.736907959,4.83935833,-6.240017891,301.3925781,4.993400574,4.98730278,1.128793359,1.090204716,0.000152492,6,0.0
6.093569770045136,12.480791051590096,1.52671091,291.7690735,0.003874578,4.981353283,1.0508883,6.684106827,-5.629135609,7.826957703,-6.235646725,297.6015625,4.987083435,4.972676754,1.088643432,0.989483714,0.000241215,6,0.0
2.1972245773362196,12.480791051590096,1.52671091,284.0057373,0.002597788,4.961642265,0.914909363,6.215227127,-5.457843781,8.153283119,-6.389799595,293.5158386,4.971899986,4.951879501,0.984481752,0.855345368,0.000224952,6,0.0
2.0794415416798357,12.480791051590096,1.52671091,295.0411682,0.008824708,4.998063087,1.153099298,5.896412849,-4.501736641,8.828839302,-6.157782078,303.122406,5.001253605,4.991422653,1.17185533,1.111930132,0.000253319,6,0.0
5.762051382780177,12.480791051590096,1.52671091,295.7146606,0.001814393,4.995629787,1.142716885,5.364045143,-6.345870495,6.511300564,-6.466319561,300.8163757,4.998147011,4.993515015,1.156502485,1.12963438,0.000251049,6,0.0
7.198183577101943,12.480791051590096,1.52671091,297.2446594,0.002486468,4.991005898,1.11252737,5.91181612,-3.712311268,6.516952515,-5.903731823,300.7842102,4.993400574,4.98730278,1.128793359,1.090204716,0.000213141,6,0.0
6.035481432524756,12.480791051590096,1.52671091,294.0319824,0.001917621,4.981353283,1.0508883,5.443729401,-4.576124668,7.735086441,-9.406767845,298.8976135,4.987083435,4.972676754,1.088643432,0.989483714,0.000231624,6,0.0
1.6094379124341003,12.480791051590096,1.52671091,288.7270203,0.004654911,4.979406357,1.036877155,4.930927753,-5.268042088,8.456158638,-7.832036972,297.7122192,4.990706444,4.966529846,1.107659578,0.952028811,0.00024277,6,0.0
2.6390573296152584,12.480791051590096,1.52671091,293.8648071,0.002407079,4.998063087,1.153099298,5.148510933,-4.750643253,5.651630878,-5.732142925,300.9456787,5.001253605,4.991422653,1.17185533,1.111930132,0.000254126,6,0.0
5.703782474656201,12.480791051590096,1.52671091,296.4896851,0.002402486,4.995629787,1.142716885,5.360815048,-4.144783974,6.225584984,-4.259720325,301.2494507,4.998147011,4.993515015,1.156502485,1.12963438,0.000250496,6,0.0
7.1770187659099,12.480791051590096,1.52671091,295.9425964,0.002709546,4.991005898,1.11252737,5.673079491,-4.885719776,6.093108177,-5.266723633,300.5200806,4.993400574,4.98730278,1.128793359,1.090204716,0.000245179,6,0.0
5.937536205082426,12.480791051590096,1.52671091,292.4729614,0.000884029,4.981353283,1.0508883,6.969442844,-3.861338615,4.892857552,-7.596644402,299.054718,4.987083435,4.972676754,1.088643432,0.989483714,0.000239999,6,0.0
1.0986122886681098,12.480791051590096,1.52671091,285.0591431,0.000851224,4.961642265,0.914909363,9.033769608,-4.644212723,9.035829544,-8.934114456,292.6662903,4.971899986,4.951879501,0.984481752,0.855345368,0.000208166,6,0.0
1.0986122886681098,11.572193873427288,0.951075228,295.8161926,0.002642185,2.291536093,2.441018105,4.616636753,-4.728669167,6.329765797,-6.780774117,301.6917419,2.295651674,2.278563499,2.567530394,2.122204065,0.000474685,4,2.449489742783178
2.8903717578961645,11.572193873427288,0.951075228,295.8051453,0.004613576,2.29056263,2.449586153,4.163321495,-4.866511345,6.614254475,-3.976083755,300.2449341,2.295621157,2.276709795,2.603860617,2.07129693,0.000474101,4,2.449489742783178
1.0986122886681098,11.572193873427288,0.951075228,292.2056274,0.004758358,2.260144234,1.619499922,7.677016258,-6.105399132,6.591629982,-3.30140233,299.7904358,2.275538683,2.247792721,2.037966967,1.313613772,0.00036377,4,2.449489742783178
0.6931471805599453,11.572193873427288,0.951075228,293.4703979,0.00676343,2.260144234,1.619499922,6.194561005,-4.462163925,5.908992767,-4.438550949,299.0915222,2.275538683,2.247792721,2.037966967,1.313613772,0.000387904,4,2.449489742783178
1.791759469228055,11.572193873427288,0.951075228,297.2101135,0.002393082,2.29056263,2.449586153,4.737968922,-2.40505743,5.459008694,-3.758307219,301.8429565,2.295621157,2.276709795,2.603860617,2.07129693,0.000460919,4,2.449489742783178
2.6390573296152584,11.572193873427288,0.951075228,293.9691162,0.00115872,2.260144234,1.619499922,4.975102425,-3.97342062,6.308294773,-6.359083176,300.2472229,2.275538683,2.247792721,2.037966967,1.313613772,0.000214459,4,2.449489742783178
0.6931471805599453,11.572193873427288,0.951075228,291.6468201,0.001368457,2.260144234,1.619499922,6.19773674,-3.524188995,4.872816086,-5.625974178,298.3983459,2.275538683,2.247792721,2.037966967,1.313613772,0.000330475,4,2.449489742783178
0.6931471805599453,9.787178430135745,-0.100006061,296.6416321,0.001253856,2.375085831,2.484614134,5.415217876,-3.307376385,4.725187778,-4.320295811,303.454895,2.453248739,2.313716888,2.858044624,2.202033758,0.000409447,0,3.4641016151377544
0.6931471805599453,10.013507197574677,0.296462507,299.0834351,0.002598663,2.428217173,2.985488415,3.856044769,-3.102250576,3.81823802,-4.657380104,304.9396973,2.509174585,2.270658255,3.002547503,2.950306892,0.000471921,0,1.7320508075688772
0.6931471805599453,10.013507197574677,0.296462507,298.312561,0.003680588,2.268580198,2.953736305,4.149532795,-2.508194923,4.494104385,-3.340628624,301.6967773,2.419201851,2.000524998,2.985498905,2.894401073,0.000452972,0,1.7320508075688772
0.6931471805599453,10.013507197574677,0.296462507,295.7215576,0.002281106,1.70255053,2.828139782,2.644015312,-2.094810009,4.549263,-3.447582245,299.7835083,1.979024172,1.488898754,2.889647007,2.780883789,0.000383621,0,1.7320508075688772
0.6931471805599453,10.013507197574677,0.296462507,299.2554321,0.00694889,2.428217173,2.985488415,2.673010349,-2.842362881,3.848739624,-2.991453648,304.5499268,2.509174585,2.270658255,3.002547503,2.950306892,0.000470346,0,1.7320508075688772
1.0986122886681098,9.52427481557203,0.232669679,297.2363892,0.001649272,2.83396101,2.804099083,6.908596992,-4.244364738,5.774973869,-5.687887669,303.4786377,2.836645842,2.828341246,2.991436958,2.372670174,0.00041777,0,5.0
2.302585092994046,9.52427481557203,0.232669679,296.926239,0.006084356,2.830229521,2.554922104,4.042552948,-3.608901024,6.542067051,-3.95074892,301.7949219,2.834250927,2.822981119,2.845679283,1.997446299,0.000516205,0,5.0
1.0986122886681098,9.52427481557203,0.232669679,294.1936035,0.002853889,2.815304279,1.414926767,8.238383293,-5.739181519,5.980173111,-5.548832893,300.9083862,2.822527885,2.810026884,1.952040792,1.092778921,0.000329648,0,5.0
1.3862943611198906,9.52427481557203,0.232669679,293.1001587,0.001104919,2.815304279,1.414926767,5.909453392,-3.873801708,4.761160851,-6.299723625,301.5877686,2.822527885,2.810026884,1.952040792,1.092778921,0.000353782,0,5.0
0.6931471805599453,10.601174413138105,0.589382603,299.8612366,0.002615722,2.562707901,2.721796036,2.380306244,-2.559331179,3.429699183,-3.812591553,303.685791,2.637336254,2.430920124,2.721794844,2.721794844,0.000490486,0,4.123105625617661
0.6931471805599453,10.601174413138105,0.589382603,298.6123657,0.003172103,2.394878387,2.720838547,2.813642502,-2.019728422,3.099741936,-2.842110872,302.8232117,2.541624784,2.146027565,2.72182703,2.718398094,0.000471555,0,4.123105625617661
1.0986122886681098,10.496980129935888,0.649503394,298.1004944,0.00596232,2.152340412,2.551645994,3.965368271,-4.598696709,3.716694355,-4.005835056,303.8318787,2.292485714,2.029448748,2.730837345,2.39282012,0.000458303,0,4.242640687119285
0.6931471805599453,10.496980129935888,0.649503394,297.6895142,0.003217374,2.396987438,2.864276409,6.450506687,-3.934885025,4.48045969,-4.92989254,303.0665588,2.446251631,2.302758455,2.926857471,2.743908882,0.000508101,0,4.242640687119285
1.3862943611198906,10.496980129935888,0.649503394,298.099823,0.003079591,2.293807507,2.732934475,3.093520641,-3.683073997,5.203134537,-5.215411663,302.6050415,2.389869928,2.121249676,2.85571003,2.510869265,0.000442618,0,4.242640687119285
0.6931471805599453,10.496980129935888,0.649503394,296.0137329,0.00437519,1.93527317,2.271019459,4.937720776,-2.60770154,4.408389091,-3.93179369,301.0574036,2.107310534,1.814683557,2.492916346,2.114749193,0.000405279,0,4.242640687119285
1.0986122886681098,8.651898894268529,0.306018486,298.8071289,0.003514155,2.520851851,3.005849838,3.13892746,-2.133289099,3.821167707,-3.368740082,303.1566772,2.681492567,2.25216341,3.048089981,2.936060429,0.000504138,0,2.449489742783178
1.6094379124341003,8.651898894268529,0.306018486,296.4281921,0.004765138,2.392606974,2.975458622,4.500706673,-3.748175144,3.725325584,-4.198832035,302.0188293,2.583362818,2.218382597,3.024763584,2.928931713,0.000488105,0,2.449489742783178
0.6931471805599453,8.651898894268529,0.306018486,298.9604797,0.004853057,2.714963198,3.05786252,2.656825542,-2.336662292,3.162368774,-3.226459026,303.3586731,2.789453506,2.597011328,3.07716918,3.028187037,0.000530098,0,2.449489742783178
0.6931471805599453,8.651898894268529,0.306018486,295.8362122,0.002922562,1.939734697,2.854851723,2.66836977,-2.716997623,3.776775837,-4.528046608,300.3575134,2.230947018,1.678622246,2.930542469,2.786489725,0.000400746,0,2.449489742783178
1.791759469228055,8.651898894268529,0.306018486,298.4527893,0.002318067,2.520851851,3.005849838,3.829252481,-1.94350934,2.852626324,-3.054043055,302.2849121,2.681492567,2.25216341,3.048089981,2.936060429,0.000512607,0,2.449489742783178
1.791759469228055,9.553433499191511,-0.260217855,298.7304688,0.002253986,2.608133078,3.052620888,4.856903553,-2.790319443,3.613144636,-4.869404316,304.0704956,2.724374533,2.484101295,3.108791351,2.992451906,0.000521782,0,4.898979485566356
0.6931471805599453,9.553433499191511,-0.260217855,298.3733521,0.003384026,2.277989626,2.893054962,3.384268761,-3.086362839,4.733571529,-4.033694744,302.0640869,2.499247551,2.019050598,3.000340462,2.766352415,0.000462357,0,4.898979485566356
0.6931471805599453,9.553433499191511,-0.260217855,295.5820313,0.005022551,1.766632438,2.642214775,4.358540535,-4.387522697,4.487095833,-4.242031097,301.5969238,2.000595808,1.590735078,2.757311583,2.555545807,0.000400775,0,4.898979485566356
0.6931471805599453,9.553433499191511,-0.260217855,296.8440247,0.002624033,2.277989626,2.893054962,2.327644825,-2.260779381,3.540258884,-3.534299374,301.8419189,2.499247551,2.019050598,3.000340462,2.766352415,0.000483221,0,4.898979485566356
0.6931471805599453,9.553433499191511,-0.260217855,285.9197998,0.002353715,1.456686974,2.489150047,4.331712246,-3.079683542,5.18045187,-4.099732876,294.8243713,1.580566764,1.37876153,2.550534248,2.450206757,0.000332921,0,4.898979485566356
1.9459101490553132,9.553433499191511,-0.260217855,298.5377502,0.00221287,2.277989626,2.893054962,2.792489767,-1.946776271,3.797256231,-2.370342016,302.2417908,2.499247551,2.019050598,3.000340462,2.766352415,0.000452482,0,4.898979485566356
0.6931471805599453,9.553433499191511,-0.260217855,297.4802246,0.003523559,2.277989626,2.893054962,3.9122684,-2.558361053,3.908407927,-3.0886724,302.2095032,2.499247551,2.019050598,3.000340462,2.766352415,0.00048345,0,4.898979485566356
0.6931471805599453,9.553433499191511,-0.260217855,293.8364868,0.000492332,1.766632438,2.642214775,4.030858994,-2.660979748,4.246464729,-4.953814983,300.9589844,2.000595808,1.590735078,2.757311583,2.555545807,0.000390088,0,4.898979485566356
2.833213344056216,10.825183649068833,0.6852411,296.6616821,0.002659681,2.2727983,2.395154476,5.077556133,-4.66039896,5.445753574,-5.69765377,303.0159912,2.282556057,2.24207139,2.486819267,2.130590439,0.00050324,0,3.872983346207417
2.995732273553991,10.825183649068833,0.6852411,296.9179382,0.004109247,2.26614666,2.32106638,3.847848892,-4.626400471,6.805480957,-2.688862085,301.4422302,2.282576084,2.222445488,2.46547389,1.970117092,0.000497464,0,3.872983346207417
2.772588722239781,10.825183649068833,0.6852411,293.574707,0.002546174,2.172376156,1.568747282,6.668119431,-4.987043858,5.889267921,-4.294660568,300.6074829,2.218598843,2.140849352,1.940185785,1.305296898,0.000388777,0,3.872983346207417
0.6931471805599453,10.825183649068833,0.6852411,284.9755554,0.003599887,2.118677139,1.11499691,7.720486641,-3.638901711,5.240858078,-5.157009125,298.0899048,2.139166117,2.10559535,1.290906191,1.006339788,0.000296111,0,3.872983346207417
0.6931471805599453,10.825183649068833,0.6852411,295.5316162,0.002912065,2.26614666,2.32106638,5.129685402,-3.977895498,3.658471823,-3.242690802,300.1313171,2.282576084,2.222445488,2.46547389,1.970117092,0.000497914,0,3.872983346207417
1.0986122886681098,10.825183649068833,0.6852411,294.5113525,0.006196551,2.172376156,1.568747282,5.510977745,-3.669623375,5.553017616,-3.844603062,300.2379761,2.218598843,2.140849352,1.940185785,1.305296898,0.000378552,0,3.872983346207417
0.6931471805599453,10.825183649068833,0.6852411,296.8150024,0.000744715,2.26614666,2.32106638,3.820598602,-4.225268364,4.700955391,-4.309240818,302.7283936,2.282576084,2.222445488,2.46547389,1.970117092,0.000488633,0,3.872983346207417
1.3862943611198906,10.825183649068833,0.6852411,291.81604,0.003492285,2.172376156,1.568747282,6.019002438,-4.645272732,6.057367325,-3.984106064,298.2697449,2.218598843,2.140849352,1.940185785,1.305296898,0.000378432,0,3.872983346207417
1.3862943611198906,10.825183649068833,0.6852411,297.2467346,0.003200972,2.26614666,2.32106638,4.20190382,-2.52095747,4.887009144,-3.560066938,301.2647705,2.282576084,2.222445488,2.46547389,1.970117092,0.000492579,0,3.872983346207417
1.791759469228055,10.825183649068833,0.6852411,292.5455017,0.001254512,2.172376156,1.568747282,6.459454536,-3.396281719,4.334897995,-5.358764648,300.1308899,2.218598843,2.140849352,1.940185785,1.305296898,0.000364065,0,3.872983346207417
0.6931471805599453,8.953122840328222,-0.329858621,298.9121399,0.002953181,2.119894028,1.841813922,2.852069139,-3.21801734,3.177319288,-2.631064653,303.1790466,2.292224884,1.834258437,1.852662325,1.822262287,0.000427185,0,4.0
1.0986122886681098,9.885985277399985,-0.141592303,298.5487976,0.004026358,2.87784481,2.638283491,3.363823414,-4.057979584,5.332932949,-6.504368305,302.8199158,2.982455015,2.699863672,2.780989408,2.389269114,0.000455951,0,5.385164807134504
0.6931471805599453,9.885985277399985,-0.141592303,297.8172913,0.004556495,2.87784481,2.638283491,2.872267962,-3.168046951,4.532278538,-2.399595261,302.2996826,2.982455015,2.699863672,2.780989408,2.389269114,0.000548122,0,5.385164807134504
0.6931471805599453,9.885985277399985,-0.141592303,296.5601196,0.003142797,2.726076126,2.423327923,4.939717293,-4.056188583,4.802632332,-4.582030773,302.5840759,2.880023003,2.593524218,2.635639191,2.237793922,0.000480233,0,5.385164807134504
0.6931471805599453,8.77940359789435,-0.384381238,296.8281555,0.002261204,2.441033602,2.84643507,4.559271812,-3.851874113,6.132308483,-3.256098986,301.4223633,2.544403553,2.270997763,3.096300364,2.43870759,0.000473262,3,4.0
1.3862943611198906,10.805476499699424,0.621575939,296.8612976,0.002182252,2.568629503,3.232901573,6.014104366,-4.498209953,5.369197845,-5.663629055,302.4416809,2.616814613,2.445772648,3.335327148,2.972047329,0.000501004,0,4.795831523312719
1.0986122886681098,10.805476499699424,0.621575939,297.318573,0.003613009,2.513632536,3.118040085,3.045022964,-3.585365772,5.980534554,-6.362076759,302.1753235,2.590177059,2.349962711,3.279058933,2.774182796,0.000510811,0,4.795831523312719
1.6094379124341003,10.805476499699424,0.621575939,296.1311646,0.002893912,2.513632536,3.118040085,4.533894539,-3.889940023,3.119560242,-2.991542339,301.7483826,2.590177059,2.349962711,3.279058933,2.774182796,0.000518198,0,4.795831523312719
0.6931471805599453,10.228465409731605,0.186501003,298.1004944,0.001494211,2.498788357,2.898296356,5.996941566,-3.946097374,5.922045231,-4.093169689,304.7138367,2.499991655,2.495520115,3.111301899,2.443125248,0.000518082,0,3.4641016151377544
1.0986122886681098,11.0426658029509,1.329462173,299.9959106,0.00180477,2.88198185,3.000104427,3.018129826,-2.721860409,2.914692879,-4.49040699,304.6097107,2.935581684,2.767973423,3.000143766,2.999983549,0.000516379,0,2.449489742783178
0.6931471805599453,11.0426658029509,1.329462173,298.8907166,0.003060346,2.752844572,2.999751568,3.064754486,-2.100244045,3.803467989,-3.53289628,302.3228149,2.885041714,2.475936413,2.999982357,2.999010086,0.000535635,0,2.449489742783178
1.0986122886681098,11.0426658029509,1.329462173,296.8612976,0.003386432,2.106428623,2.997332335,2.574363708,-2.850097179,4.149311066,-3.600272894,302.4667053,2.452990055,1.736476898,2.999007702,2.994137049,0.000437435,0,2.449489742783178
0.6931471805599453,11.0426658029509,1.329462173,299.2616577,0.002646778,2.752844572,2.999751568,2.418347359,-3.51274085,2.948861837,-3.048012018,303.0812988,2.885041714,2.475936413,2.999982357,2.999010086,0.00049904,0,2.449489742783178
0.6931471805599453,11.0426658029509,1.329462173,294.9292603,0.00208646,2.106428623,2.997332335,2.654922962,-2.552569866,3.615757465,-3.159371853,300.0984497,2.452990055,1.736476898,2.999007702,2.994137049,0.000457973,0,2.449489742783178
0.6931471805599453,11.0426658029509,1.329462173,299.1324768,0.004437082,2.88198185,3.000104427,2.373616695,-2.372707129,2.806946278,-3.514495611,303.3489685,2.935581684,2.767973423,3.000143766,2.999983549,0.000542975,0,2.449489742783178
0.6931471805599453,11.0426658029509,1.329462173,299.3369446,0.001747907,2.752844572,2.999751568,2.931436777,-2.005501747,4.023897648,-2.792667389,303.2600708,2.885041714,2.475936413,2.999982357,2.999010086,0.000515492,0,2.449489742783178
0.6931471805599453,11.0426658029509,1.329462173,295.9985352,0.004485635,2.106428623,2.997332335,2.738612413,-3.081285954,4.166150093,-4.471303463,299.8709717,2.452990055,1.736476898,2.999007702,2.994137049,0.000462085,0,2.449489742783178
0.6931471805599453,11.0426658029509,1.329462173,298.5639954,0.003192224,2.752844572,2.999751568,2.551001549,-2.078227997,3.140743017,-2.905552149,302.8721619,2.885041714,2.475936413,2.999982357,2.999010086,0.00053778,0,2.449489742783178
0.6931471805599453,9.080914824535725,0.059604693,298.0058594,0.00483381,2.420024395,2.974954605,3.229741573,-2.540288925,4.323007107,-3.53983736,301.9066772,2.563237906,2.126575708,3.034067154,2.853048801,0.000474368,0,2.0
1.0986122886681098,10.555135425918044,0.6521977,298.4818115,0.00290441,2.195413351,0.121715784,2.864374638,-2.06366396,3.268733501,-2.670072079,302.743103,2.326574326,1.947650075,0.121702433,0.121702433,0.000436578,0,3.605551275463989
1.0986122886681098,9.487365864239434,1.070071631,297.6819153,0.003546304,3.628901005,1.19e-07,4.612892628,-3.273914337,6.863546371,-2.270497084,302.7068481,3.742658377,3.533897638,0.0,0.0,0.000679904,0,3.1622776601683795
0.6931471805599453,9.487365864239434,1.070071631,299.1455994,0.002224462,3.614218712,1.19e-07,2.497975349,-2.68317318,3.185779095,-2.851457834,303.7132263,3.780905247,3.302715063,0.0,0.0,0.000694668,0,3.1622776601683795
1.3862943611198906,10.271458456216711,1.255217888,294.5493469,0.005749521,1.905422449,2.778344631,4.498650074,-4.538167953,4.341833115,-3.324056625,302.7481995,1.970133305,1.835806012,2.801529884,2.752810001,0.000400092,3,3.1622776601683795
3.295836866004329,10.271458456216711,1.255217888,296.3024902,0.002729229,2.015659571,2.8171525,3.665378094,-4.224939823,5.121573448,-5.505162239,302.4142151,2.034297705,1.974249363,2.824352741,2.803093433,0.000410589,3,3.1622776601683795
4.127134385045092,10.271458456216711,1.255217888,296.2796936,0.004636759,1.972262263,2.798807144,3.765830994,-3.770797729,5.728226662,-2.5014534,301.1002197,2.018278599,1.873934031,2.816405058,2.764151573,0.00040782,3,3.1622776601683795
2.1972245773362196,10.271458456216711,1.255217888,292.6856995,0.003071937,1.741810799,2.718620777,6.120200634,-5.267258167,5.468552589,-3.120867968,300.2382507,1.865754128,1.609105349,2.761355162,2.67308569,0.000379834,3,3.1622776601683795
0.6931471805599453,10.271458456216711,1.255217888,297.3517456,0.002822615,2.015659571,2.8171525,3.418509722,-3.009424925,3.666049242,-4.22373867,303.6818237,2.034297705,1.974249363,2.824352741,2.803093433,0.000410348,3,3.1622776601683795
1.791759469228055,10.271458456216711,1.255217888,295.0218201,0.004102467,1.972262263,2.798807144,5.04663229,-3.861678839,3.567192078,-3.016811848,300.3677979,2.018278599,1.873934031,2.816405058,2.764151573,0.000403943,3,3.1622776601683795
2.302585092994046,10.271458456216711,1.255217888,293.7301331,0.006024213,1.741810799,2.718620777,4.843820095,-3.701379776,4.646361828,-3.819363594,299.1326904,1.865754128,1.609105349,2.761355162,2.67308569,0.000386418,3,3.1622776601683795
1.791759469228055,10.271458456216711,1.255217888,297.7751465,0.004477543,2.015659571,2.8171525,6.449269295,-3.473434687,4.556880474,-4.090129852,303.184021,2.034297705,1.974249363,2.824352741,2.803093433,0.00041103,3,3.1622776601683795
3.2188758248682006,10.271458456216711,1.255217888,296.2603455,0.000896276,1.972262263,2.798807144,3.577492237,-3.722311497,4.248858452,-3.861147404,302.3162231,2.018278599,1.873934031,2.816405058,2.764151573,0.000374857,3,3.1622776601683795
2.772588722239781,10.271458456216711,1.255217888,291.0838623,0.004215755,1.741810799,2.718620777,5.427022457,-4.330835819,5.395236015,-3.808685303,297.9414978,1.865754128,1.609105349,2.761355162,2.67308569,0.000380957,3,3.1622776601683795
1.0986122886681098,10.271458456216711,1.255217888,296.1740112,0.001883941,2.015659571,2.8171525,4.552523136,-3.956102371,4.97113657,-4.10686636,301.5931396,2.034297705,1.974249363,2.824352741,2.803093433,0.000411178,3,3.1622776601683795
2.4849066497880004,10.271458456216711,1.255217888,297.1880188,0.002688987,1.972262263,2.798807144,4.29564333,-2.204946995,4.717170238,-3.54728651,301.2786255,2.018278599,1.873934031,2.816405058,2.764151573,0.000388718,3,3.1622776601683795
2.5649493574615367,10.271458456216711,1.255217888,293.8088684,0.001462718,1.741810799,2.718620777,4.347531319,-3.710907459,5.450889111,-5.922358036,299.6905518,1.865754128,1.609105349,2.761355162,2.67308569,0.00021109,3,3.1622776601683795
1.9459101490553132,10.271458456216711,1.255217888,296.5262756,0.003068656,2.015659571,2.8171525,5.539231777,-3.535761833,4.389831543,-3.084362984,302.0809021,2.034297705,1.974249363,2.824352741,2.803093433,0.000411178,3,3.1622776601683795
3.6109179126442243,10.271458456216711,1.255217888,295.8452148,0.002994297,1.972262263,2.798807144,4.93418932,-3.653345823,4.562488556,-3.336896181,301.2874756,2.018278599,1.873934031,2.816405058,2.764151573,0.000407958,3,3.1622776601683795
1.0986122886681098,10.271458456216711,1.255217888,291.988739,0.000908743,1.741810799,2.718620777,5.382411003,-3.14932251,3.898137808,-4.79889679,298.8963928,1.865754128,1.609105349,2.761355162,2.67308569,0.00037506,3,3.1622776601683795
2.5649493574615367,11.646021762954804,1.174694377,296.7279968,0.002203904,2.496598244,2.700426579,5.274823189,-3.968077183,5.849639416,-5.494451046,303.2208557,2.497676134,2.492884874,2.816874743,2.350929976,0.000439853,2,4.47213595499958
3.4011973816621555,11.646021762954804,1.174694377,297.054718,0.004600454,2.496111393,2.632688999,3.772725105,-4.861756802,8.029886246,-3.246924162,302.4042664,2.497703791,2.491837502,2.802740335,2.203132868,0.000497338,2,4.47213595499958
2.0794415416798357,11.646021762954804,1.174694377,293.8945313,0.002302101,2.486783028,1.717174888,7.931898117,-4.891345501,6.173465729,-5.020306587,300.6913757,2.4913311,2.48386097,2.166258812,1.414565563,0.000363172,2,4.47213595499958
1.6094379124341003,11.646021762954804,1.174694377,292.1655884,0.002446664,2.486783028,1.717174888,5.876408577,-4.405954838,6.689102173,-4.294663429,298.218811,2.4913311,2.48386097,2.166258812,1.414565563,0.000384307,2,4.47213595499958
1.0986122886681098,11.646021762954804,1.174694377,296.9248352,0.004006893,2.496111393,2.632688999,4.13542223,-3.334473133,5.317571163,-4.484808922,300.903595,2.497703791,2.491837502,2.802740335,2.203132868,0.000500733,2,4.47213595499958
1.0986122886681098,11.646021762954804,1.174694377,293.9732666,0.002065683,2.486783028,1.717174888,4.919728279,-3.233307838,6.537614346,-7.190269947,299.6190186,2.4913311,2.48386097,2.166258812,1.414565563,0.000352556,2,4.47213595499958
0.6931471805599453,11.646021762954804,1.174694377,288.29599,0.006624116,2.481916189,1.215343237,6.469838142,-5.088802814,6.33616972,-7.939764977,296.6023254,2.483780384,2.480963945,1.398687482,1.120843172,0.000262295,2,4.47213595499958
0.6931471805599453,11.646021762954804,1.174694377,296.7355957,0.002128451,2.496111393,2.632688999,5.341986656,-2.757162333,5.262833595,-4.056633949,302.8208618,2.497703791,2.491837502,2.802740335,2.203132868,0.00046339,2,4.47213595499958
2.1972245773362196,11.646021762954804,1.174694377,292.7775879,0.001184965,2.486783028,1.717174888,6.064253807,-3.574039936,4.434465408,-6.0073843,300.9276733,2.4913311,2.48386097,2.166258812,1.414565563,0.000377453,2,4.47213595499958
0.6931471805599453,11.536544330568862,1.065412109,291.9058533,0.004853275,2.318872452,1.677358985,4.424897194,-5.672484875,5.231216431,-4.245054722,302.3629456,2.335353374,2.305152893,1.800924301,1.577018738,0.000340753,0,4.795831523312719
0.6931471805599453,11.536544330568862,1.065412109,294.9458618,0.005087506,2.358538151,1.968771219,4.611674786,-5.059688568,4.708045483,-3.592572212,302.7419434,2.388563633,2.336517811,2.178599358,1.809937477,0.000397676,0,4.795831523312719
2.3978952727983707,11.536544330568862,1.065412109,296.2403259,0.002694892,2.416617393,2.373633623,4.461236954,-4.55591917,5.472847462,-6.252130508,302.6097412,2.426528454,2.390834808,2.446650743,2.194849491,0.000443464,0,4.795831523312719
3.2188758248682006,11.536544330568862,1.065412109,296.4185181,0.003770256,2.416617393,2.378421545,3.958395004,-4.326618671,6.239089489,-2.913752794,300.9401855,2.429082155,2.385778666,2.469824076,2.155639172,0.000441972,0,4.795831523312719
2.302585092994046,11.536544330568862,1.065412109,292.8652954,0.003420112,2.346776247,1.873061776,6.555846214,-5.443330288,5.905854225,-3.685436487,300.1972046,2.383091927,2.316014051,2.136115789,1.648082614,0.000376433,0,4.795831523312719
1.0986122886681098,11.536544330568862,1.065412109,295.0432434,0.003798251,2.416617393,2.378421545,5.273298264,-4.067581177,3.433882475,-3.239596128,299.9750061,2.429082155,2.385778666,2.469824076,2.155639172,0.000449062,0,4.795831523312719
0.6931471805599453,11.536544330568862,1.065412109,283.9884644,0.005608239,2.291779518,1.468854666,8.374639511,-6.407309055,5.953464985,-5.94869566,298.6665039,2.31409955,2.280528784,1.633775949,1.383185625,0.000319685,0,4.795831523312719
1.3862943611198906,11.536544330568862,1.065412109,296.2306519,0.000796548,2.416617393,2.378421545,3.649845123,-4.228989601,4.664925098,-4.147103786,302.3103638,2.429082155,2.385778666,2.469824076,2.155639172,0.000446469,0,4.795831523312719
1.791759469228055,11.536544330568862,1.065412109,291.2144165,0.004103123,2.346776247,1.873061776,5.81890583,-4.740003109,5.789658546,-4.308579922,297.9768372,2.383091927,2.316014051,2.136115789,1.648082614,0.000383496,0,4.795831523312719
1.3862943611198906,11.536544330568862,1.065412109,297.0381165,0.002613535,2.416617393,2.378421545,4.396252632,-2.286941528,4.629126549,-3.48593998,301.1418152,2.429082155,2.385778666,2.469824076,2.155639172,0.000448371,0,4.795831523312719
1.0986122886681098,11.536544330568862,1.065412109,294.0257568,0.001537296,2.346776247,1.873061776,4.659009457,-3.856520176,5.898180008,-6.372779846,299.9256897,2.383091927,2.316014051,2.136115789,1.648082614,0.000243609,0,4.795831523312719
1.0986122886681098,11.536544330568862,1.065412109,294.7275696,0.002800745,2.358538151,1.968771219,4.307748318,-4.014277458,5.082219124,-4.000543118,302.3422241,2.388563633,2.336517811,2.178599358,1.809937477,0.000395206,0,4.795831523312719
1.3862943611198906,11.536544330568862,1.065412109,295.9094543,0.002711295,2.416617393,2.378421545,4.97375536,-3.667910099,4.794920921,-3.514475584,301.5589905,2.429082155,2.385778666,2.469824076,2.155639172,0.000436211,0,4.795831523312719
0.6931471805599453,10.87049040995193,0.166406263,294.4595642,0.001134226,2.078768015,2.133528471,4.386241913,-3.374818802,5.339750767,-5.77326107,299.099762,2.260217428,1.962178469,2.505874157,1.893087149,0.000378666,0,2.8284271247461903
0.6931471805599453,10.87049040995193,0.166406263,296.973877,0.001331277,2.459933519,2.915533304,4.929577351,-3.211807966,4.982473373,-3.928643465,302.5296936,2.556522369,2.275243044,3.114622116,2.536765575,0.000509979,0,2.8284271247461903
0.6931471805599453,10.545394068902477,1.364149349,290.602417,0.005157054,1.842151642,2.074106932,5.929245472,-6.481103897,6.089283943,-6.873500824,299.8414001,1.941384315,1.706683278,2.079698563,2.065569878,0.000361804,7,1.4142135623730951
2.833213344056216,10.545394068902477,1.364149349,295.1696472,0.001749657,1.995461583,2.082523823,4.758646965,-3.731394291,7.73328495,-8.817846298,299.3115234,2.025114775,1.946860313,2.083851576,2.07995224,0.000377979,7,1.4142135623730951
3.8918202981106265,10.545394068902477,1.364149349,295.7719727,0.004184699,1.908829331,2.078391075,5.104032993,-6.020945549,8.553936005,-6.473133564,299.3695679,1.983620524,1.77150321,2.082402706,2.069812775,0.000368146,7,1.4142135623730951
2.0794415416798357,10.545394068902477,1.364149349,292.2056274,0.002722011,1.587852001,2.058583736,8.227749825,-7.390131474,8.305431366,-6.665849686,298.2463074,1.760259032,1.395980716,2.069075108,2.047616482,0.000328119,7,1.4142135623730951
0.6931471805599453,10.545394068902477,1.364149349,288.860321,0.003298732,1.842151642,2.074106932,6.331048489,-5.153195381,6.523757935,-8.089734077,295.4573669,1.941384315,1.706683278,2.079698563,2.065569878,0.000358934,7,1.4142135623730951
1.0986122886681098,10.545394068902477,1.364149349,295.1972656,0.002147041,1.995461583,2.082523823,4.620129108,-3.137729645,5.731348038,-6.978665829,301.5315247,2.025114775,1.946860313,2.083851576,2.07995224,0.000376431,7,1.4142135623730951
3.332204510175204,10.545394068902477,1.364149349,294.6191101,0.001995916,1.908829331,2.078391075,7.649251461,-6.398836136,6.699841499,-5.096391678,298.301178,1.983620524,1.77150321,2.082402706,2.069812775,0.000360373,7,1.4142135623730951
3.4339872044851463,10.545394068902477,1.364149349,292.6732788,0.005861497,1.587852001,2.058583736,6.520611286,-5.788265705,8.372303963,-6.73534584,296.2869873,1.760259032,1.395980716,2.069075108,2.047616482,0.000311046,7,1.4142135623730951
0.6931471805599453,10.545394068902477,1.364149349,291.6150513,0.002012538,1.842151642,2.074106932,7.576633453,-5.842761517,10.68104935,-5.437633514,296.2964478,1.941384315,1.706683278,2.079698563,2.065569878,0.000358014,7,1.4142135623730951
2.1972245773362196,10.545394068902477,1.364149349,296.4841614,0.001650147,1.995461583,2.082523823,6.744792938,-6.131595612,7.118365765,-6.907412052,300.9517212,2.025114775,1.946860313,2.083851576,2.07995224,0.00037852,7,1.4142135623730951
3.9318256327243257,10.545394068902477,1.364149349,295.8189697,0.001151722,1.908829331,2.078391075,4.702478886,-4.244700432,5.735831261,-7.535113811,300.1424866,1.983620524,1.77150321,2.082402706,2.069812775,0.000371042,7,1.4142135623730951
3.5263605246161616,10.545394068902477,1.364149349,291.1557007,0.003735483,1.587852001,2.058583736,7.685585976,-7.400421143,11.04203033,-7.135456562,297.4436035,1.760259032,1.395980716,2.069075108,2.047616482,0.000326184,7,1.4142135623730951
0.6931471805599453,10.545394068902477,1.364149349,292.8397522,0.003747293,1.842151642,2.074106932,7.121822357,-6.417689323,7.768608093,-6.124250889,297.7987061,1.941384315,1.706683278,2.079698563,2.065569878,0.000359886,7,1.4142135623730951
3.5553480614894135,10.545394068902477,1.364149349,294.5466003,0.001128539,1.995461583,2.082523823,5.477328777,-5.399437904,7.846171856,-6.814533234,299.611908,2.025114775,1.946860313,2.083851576,2.07995224,0.00037512,7,1.4142135623730951
4.820281565605037,10.545394068902477,1.364149349,296.4952087,0.002025442,1.908829331,2.078391075,7.206660271,-2.439184666,6.32950449,-6.268118858,299.6888428,1.983620524,1.77150321,2.082402706,2.069812775,0.000338256,7,1.4142135623730951
4.0943445622221,10.545394068902477,1.364149349,293.1001587,0.001757967,1.587852001,2.058583736,6.841150761,-4.840688705,8.534967422,-10.29469681,297.3664856,1.760259032,1.395980716,2.069075108,2.047616482,0.000103292,7,1.4142135623730951
0.6931471805599453,10.545394068902477,1.364149349,288.1398926,0.004647694,1.206686497,2.036962271,8.088686943,-12.15480423,7.121090412,-11.14297867,295.3712158,1.382110953,1.085911632,2.046747208,2.030147791,0.000255076,7,1.4142135623730951
1.0986122886681098,10.545394068902477,1.364149349,291.9072266,0.00271042,1.842151642,2.074106932,4.946321487,-5.218523502,6.806731224,-5.67832613,298.8702698,1.941384315,1.706683278,2.079698563,2.065569878,0.000360841,7,1.4142135623730951
2.0794415416798357,10.545394068902477,1.364149349,295.0674133,0.00211008,1.995461583,2.082523823,6.42636776,-4.429261208,7.102681637,-5.771874428,300.2632141,2.025114775,1.946860313,2.083851576,2.07995224,0.000378934,7,1.4142135623730951
3.8918202981106265,10.545394068902477,1.364149349,294.4367676,0.002578542,1.908829331,2.078391075,7.176347256,-4.024004936,6.795947075,-5.765387535,298.5610962,1.983620524,1.77150321,2.082402706,2.069812775,0.000369393,7,1.4142135623730951
3.2188758248682006,10.545394068902477,1.364149349,291.7331543,0.001070364,1.587852001,2.058583736,10.15400314,-6.838951111,4.663184166,-8.411633492,297.6716003,1.760259032,1.395980716,2.069075108,2.047616482,0.000314829,7,1.4142135623730951
0.6931471805599453,11.641257112320085,0.843409091,296.5000305,0.002755911,3.158426285,2.693622589,5.352900505,-4.956300259,5.590043545,-6.896709919,302.6681824,3.169546843,3.127305269,2.823978901,2.33399725,0.000531823,3,3.0
0.6931471805599453,11.641257112320085,0.843409091,297.6031494,0.003539962,3.158426285,2.693622589,3.436065197,-3.145200014,4.20568037,-4.655503273,303.013855,3.169546843,3.127305269,2.823978901,2.33399725,0.000533642,3,3.0
0.6931471805599453,11.641257112320085,0.843409091,291.7904968,0.003435422,3.064331293,1.637946248,6.816063881,-4.960707188,6.14892292,-4.275253773,298.4416504,3.105855465,3.034661293,2.106570244,1.295050144,0.000371275,3,3.0
0.6931471805599453,11.641257112320085,0.843409091,297.172821,0.003137329,3.148773432,2.585817099,4.190158844,-2.617577553,5.409590721,-3.386251926,301.2043152,3.165780544,3.109277725,2.778072357,2.143816948,0.000523713,3,3.0
0.6931471805599453,11.641257112320085,0.843409091,296.5345764,0.001944084,3.148773432,2.585817099,5.47476387,-3.024657965,5.221832275,-4.035024643,302.4224243,3.165780544,3.109277725,2.778072357,2.143816948,0.00048232,3,3.0
1.3862943611198906,10.505012743548761,0.626080711,296.300415,0.002697954,2.496111393,2.873651028,5.112634182,-4.721879959,5.944782734,-7.00445509,301.9103394,2.499512672,2.488013983,3.025249004,2.547018766,0.000523476,4,0.0
1.3862943611198906,10.505012743548761,0.626080711,296.4399414,0.003696335,2.491082191,2.64402914,3.633175373,-5.434932232,6.243254185,-5.85329628,300.587738,2.497086287,2.478792429,2.886007786,2.205589294,0.000496931,4,0.0
0.6931471805599453,10.505012743548761,0.626080711,298.0210571,0.003458823,2.496111393,2.873651028,5.464914322,-4.023506165,5.72488308,-4.096897125,303.3660583,2.499512672,2.488013983,3.025249004,2.547018766,0.000545199,4,0.0
0.6931471805599453,10.505012743548761,0.626080711,296.7894592,0.0009024,2.491082191,2.64402914,3.431959152,-3.979061127,4.669786453,-4.033864975,302.7148743,2.497086287,2.478792429,2.886007786,2.205589294,0.000465219,4,0.0
2.0794415416798357,10.497090602759688,0.417928505,297.3710632,0.005229226,4.941281796,2.449334145,4.058243275,-4.366558075,6.617377758,-3.350346088,302.1278076,4.965612411,4.890120983,2.68272686,1.944681287,0.000526728,0,2.8284271247461903
0.6931471805599453,10.497090602759688,0.417928505,285.5246887,0.003658718,4.78529501,0.93849653,7.857432842,-3.63675642,5.920697689,-5.717294216,298.8203125,4.802752018,4.775499344,1.094595194,0.862204611,0.000267688,0,2.8284271247461903
1.0986122886681098,10.300752464078952,0.513111629,297.6231995,0.003470414,4.72372818,2.531385183,4.329734802,-3.793382168,6.597595692,-4.008359432,302.0014343,4.752182961,4.680088043,2.889027357,1.980966806,0.000490187,0,3.872983346207417
0.6931471805599453,10.300752464078952,0.513111629,296.2354736,0.003219999,4.672624588,1.927594543,5.055798531,-4.119690418,5.079068661,-4.755821228,302.5726929,4.719133377,4.638999462,2.498298168,1.49852097,0.000468556,0,3.872983346207417
0.6931471805599453,10.811100743216596,0.501094165,295.2297363,0.00361454,2.095072269,1.703365326,6.43399334,-4.476281643,6.992939472,-2.95692277,302.5581055,2.164454699,2.054828882,1.924069881,1.576646447,0.00037101,0,1.4142135623730951
0.6931471805599453,10.811100743216596,0.501094165,297.6998596,0.00451013,2.267931223,2.25413537,5.212943554,-4.399612427,4.801846504,-4.47693634,303.1324768,2.39773345,2.16988945,2.665650368,1.941772938,0.000438306,0,1.4142135623730951
2.9444389791664403,10.811100743216596,0.501094165,297.6328735,0.003146952,2.498788357,2.987201929,6.515948296,-4.314709663,4.919945717,-5.548953533,303.3538513,2.548222065,2.407683372,3.14244318,2.697383881,0.000534629,0,1.4142135623730951
3.6109179126442243,10.811100743216596,0.501094165,297.318573,0.004456547,2.405423403,2.69664669,4.164747715,-3.718258381,6.366111279,-4.01044178,301.0365295,2.488518238,2.272078276,2.957760096,2.27406621,0.00050255,0,1.4142135623730951
3.4339872044851463,10.811100743216596,0.501094165,294.765564,0.004548621,2.137415171,1.846904278,7.007128716,-5.43738842,5.590396881,-5.626978874,301.2960205,2.261589527,2.061423302,2.240743637,1.606911659,0.000391514,0,1.4142135623730951
1.0986122886681098,10.811100743216596,0.501094165,286.5697937,0.002812773,2.017200708,1.466284275,6.691422939,-3.705408096,5.652882099,-5.19990015,298.948761,2.05771327,1.998793125,1.595592976,1.401842713,0.000308005,0,1.4142135623730951
1.0986122886681098,10.811100743216596,0.501094165,296.2382507,0.002669523,2.137415171,1.846904278,4.841904163,-3.553548336,6.21219492,-3.390947342,301.1004639,2.261589527,2.061423302,2.240743637,1.606911659,0.000399286,0,1.4142135623730951
1.0986122886681098,10.811100743216596,0.501094165,296.6430054,0.001221269,2.405423403,2.69664669,3.991558552,-3.713008881,5.690364361,-4.410755157,302.324707,2.488518238,2.272078276,2.957760096,2.27406621,0.000531292,0,1.4142135623730951
1.3862943611198906,10.811100743216596,0.501094165,293.3709412,0.00174069,2.137415171,1.846904278,5.0833354,-4.61702013,6.11889267,-4.411122322,299.8395996,2.261589527,2.061423302,2.240743637,1.606911659,0.000362511,0,1.4142135623730951
0.6931471805599453,10.811100743216596,0.501094165,297.7392578,0.003557239,2.405423403,2.69664669,4.086447239,-3.1607337,4.910298347,-2.983807325,301.6011353,2.488518238,2.272078276,2.957760096,2.27406621,0.000514656,0,1.4142135623730951
0.6931471805599453,10.811100743216596,0.501094165,294.83255,0.001796022,2.137415171,1.846904278,4.207558632,-3.288425446,5.722081184,-6.133677006,300.0335083,2.261589527,2.061423302,2.240743637,1.606911659,0.00039554,0,1.4142135623730951
1.0986122886681098,10.811100743216596,0.501094165,296.6885986,0.002318942,2.405423403,2.69664669,6.736508369,-3.123937368,5.234576225,-3.722806215,301.3910217,2.488518238,2.272078276,2.957760096,2.27406621,0.00052631,0,1.4142135623730951
0.6931471805599453,10.811100743216596,0.501094165,293.1056824,0.001895969,2.137415171,1.846904278,5.395529747,-3.641601086,4.818737984,-5.763714314,300.7559509,2.261589527,2.061423302,2.240743637,1.606911659,0.000406689,0,1.4142135623730951
0.6931471805599453,10.829510769754663,0.136752347,296.9545593,0.002117297,1.946305037,2.255395412,3.90536499,-2.744582415,5.168197155,-3.551889896,300.9335327,2.124537468,1.837398529,2.49365139,2.109373093,0.000396882,0,3.0
1.6094379124341003,10.829510769754663,0.136752347,286.3715515,0.003724548,1.773202896,2.023303986,6.708659649,-3.565191746,6.85174942,-4.469416618,300.1448364,1.832309484,1.743015766,2.102535486,1.98364222,0.000341598,0,3.0
1.3862943611198906,10.829510769754663,0.136752347,293.6852417,0.001426632,1.946305037,2.255395412,4.504983425,-3.089705944,4.848464489,-4.12400341,299.8746338,2.124537468,1.837398529,2.49365139,2.109373093,0.000403402,0,3.0
0.6931471805599453,10.829510769754663,0.136752347,297.6466675,0.004611608,2.562221289,3.078627348,3.247959852,-3.295968294,4.40760088,-2.742532969,301.8880005,2.64572072,2.456073284,3.190303564,2.936525822,0.000534918,0,3.0
1.791759469228055,10.829510769754663,0.136752347,297.4601746,0.002031347,2.256737232,2.670035362,4.203351498,-3.979986668,4.804732323,-5.051683903,302.8557434,2.442509174,2.09239912,2.918457031,2.45055294,0.000479335,0,3.0
1.791759469228055,10.829510769754663,0.136752347,298.8292542,0.005117687,2.562221289,3.078627348,3.016881466,-4.154918671,5.075302601,-4.092113972,304.6591797,2.64572072,2.456073284,3.190303564,2.936525822,0.000533009,0,3.0
1.6094379124341003,10.829510769754663,0.136752347,297.2633057,0.002709546,2.343126059,2.785652637,4.260838032,-3.207924128,4.3741045,-3.123024702,301.8325806,2.50001955,2.139543772,2.99537611,2.513684034,0.000498749,0,3.0
0.6931471805599453,12.512799705400335,1.130800657,296.7086487,0.00390957,1.469827771,2.515156507,5.306260586,-2.896767855,4.564746857,-2.015081882,303.2082825,1.649776459,1.348404646,2.523416042,2.50940752,0.000316166,0,1.4142135623730951
0.6931471805599453,12.512799705400335,1.130800657,299.6332703,0.004394654,1.877112865,2.53481245,3.5887146,-2.467864037,3.502420902,-3.747508526,304.5227966,2.112804413,1.663559794,2.547748804,2.524070978,0.000396431,0,1.4142135623730951
1.791759469228055,12.512799705400335,1.130800657,299.3963623,0.00265487,2.286344767,2.557744503,3.856044769,-2.851611614,3.489962578,-4.414166451,304.7190247,2.368396521,2.129879951,2.562135458,2.548727989,0.000448908,0,1.4142135623730951
1.0986122886681098,12.512799705400335,1.130800657,298.7560425,0.003323664,2.11875844,2.549176455,3.748238564,-2.560971737,4.403523445,-3.667552948,302.2494507,2.274162531,1.844447494,2.55723691,2.534923077,0.000419522,0,1.4142135623730951
2.0794415416798357,12.512799705400335,1.130800657,296.4454651,0.00390957,1.534883142,2.518331766,3.835015297,-4.206759453,3.862561464,-4.50453949,301.9555054,1.82253468,1.301843166,2.533673763,2.505230904,0.000332983,0,1.4142135623730951
1.6094379124341003,12.512799705400335,1.130800657,288.2241516,0.002676303,1.112997174,2.494643688,4.788835526,-2.694580555,4.429305553,-3.741942644,299.5682373,1.287716985,1.000576496,2.50453186,2.489029884,0.000242267,0,1.4142135623730951
2.0794415416798357,12.512799705400335,1.130800657,298.5004578,0.006409787,2.11875844,2.549176455,2.861008883,-3.508126497,3.286390781,-2.892269135,301.6482239,2.274162531,1.844447494,2.55723691,2.534923077,0.000422354,0,1.4142135623730951
0.6931471805599453,12.512799705400335,1.130800657,298.7712097,0.003363687,2.286344767,2.557744503,2.416097879,-2.758901119,3.632190943,-2.861320496,302.8041077,2.368396521,2.129879951,2.562135458,2.548727989,0.000447954,0,1.4142135623730951
1.0986122886681098,12.512799705400335,1.130800657,299.4419556,0.002203029,2.11875844,2.549176455,2.544512749,-1.987773299,3.948918343,-2.567730188,303.2060242,2.274162531,1.844447494,2.55723691,2.534923077,0.000425189,0,1.4142135623730951
0.6931471805599453,10.750406769818508,0.407517154,299.5835571,0.00267499,2.312626362,1.19e-07,2.568747759,-2.150885344,4.274105549,-3.432519197,303.3165588,2.384606361,2.15024209,0.0,0.0,0.000447605,0,2.449489742783178
0.6931471805599453,10.750406769818508,0.407517154,298.4417419,0.004869897,2.191762924,1.19e-07,2.683367491,-3.675097704,3.090165138,-2.40363884,301.528595,2.325107574,1.925187826,0.0,0.0,0.000425425,0,2.449489742783178
0.6931471805599453,9.368966735258603,0.165584474,297.3109741,0.003552209,3.901938438,2.520650148,3.643160343,-3.675228596,5.806660652,-4.514363766,301.8119202,3.984840393,3.733664989,2.672388554,2.214955091,0.000564687,4,4.0
0.6931471805599453,9.368966735258603,0.165584474,295.1620483,0.005833284,3.547379017,1.876589775,5.443632126,-3.263360977,5.920793056,-4.278263569,300.6216736,3.719693661,3.425999403,2.189693451,1.65456152,0.000484046,4,4.0
1.0986122886681098,9.611529685221559,0.884924394,299.459198,0.003848771,2.873059034,2.805913448,2.007344723,-2.754683018,3.002117634,-3.116091013,302.7966919,2.927357197,2.76501894,2.808595181,2.801758051,0.000539743,8,0.0
1.0986122886681098,9.611529685221559,0.884924394,299.1055603,0.004043198,2.873059034,2.805913448,2.04844141,-2.124770641,2.841423035,-2.869156122,303.5206604,2.927357197,2.76501894,2.808595181,2.801758051,0.000538414,8,0.0
1.791759469228055,10.37355367982882,0.377131551,297.9886169,0.003639691,3.043971062,2.607287407,3.18171978,-4.167337418,5.684497833,-6.957620621,302.2437134,3.151268959,2.861112833,2.809188843,2.258661509,0.000490159,0,1.4142135623730951
0.6931471805599453,10.37355367982882,0.377131551,297.4871216,0.004994995,3.043971062,2.607287407,3.345175266,-2.283174038,4.626002312,-2.673382521,302.0499268,3.151268959,2.861112833,2.809188843,2.258661509,0.000540615,0,1.4142135623730951
0.6931471805599453,10.37355367982882,0.377131551,294.6923523,0.0015771,2.672701597,1.899924994,4.0122118,-2.821336269,5.317445278,-6.038974762,299.1839294,2.846538544,2.563439608,2.23081851,1.695778608,0.000444021,0,1.4142135623730951
0.6931471805599453,10.37355367982882,0.377131551,288.5888672,0.00482725,2.496598244,1.569452882,5.245253563,-4.490704536,4.647537231,-5.251185894,296.5270386,2.558229923,2.464140415,1.686043262,1.500478387,0.000378223,0,1.4142135623730951
0.6931471805599453,12.716936268574182,1.151349402,293.6161499,0.005438525,2.144796848,2.783838272,4.638066292,-4.617342949,3.892008781,-3.951892376,302.6761475,2.23754859,2.053984642,2.849859715,2.72304225,0.000421378,0,2.449489742783178
1.6094379124341003,12.716936268574182,1.151349402,295.8300171,0.002676521,2.309706211,2.903789997,3.136565685,-3.963173866,5.193403721,-6.104060173,301.3772583,2.334379673,2.243987799,2.92103529,2.85463953,0.000437644,0,2.449489742783178
2.3978952727983707,12.716936268574182,1.151349402,295.7581787,0.005498887,2.276529551,2.885847569,3.958632946,-3.731809616,5.894465446,-3.723428726,300.6503906,2.323255062,2.168798447,2.916356564,2.811645508,0.000435622,0,2.449489742783178
1.0986122886681098,12.716936268574182,1.151349402,292.0723267,0.003673152,2.030260563,2.717763901,6.9505229,-5.392354012,5.813035011,-2.811471462,299.9093933,2.159753323,1.90440011,2.805283308,2.637106895,0.000405784,0,2.449489742783178
1.0986122886681098,12.716936268574182,1.151349402,294.5997925,0.002982706,2.276529551,2.885847569,5.503712654,-4.142848015,4.076966286,-3.013975382,300.4810181,2.323255062,2.168798447,2.916356564,2.811645508,0.000430918,0,2.449489742783178
0.6931471805599453,12.716936268574182,1.151349402,293.1602478,0.005539566,2.030260563,2.717763901,5.04613018,-4.290241241,4.960380554,-3.924910545,298.5173645,2.159753323,1.90440011,2.805283308,2.637106895,0.000396519,0,2.449489742783178
2.1972245773362196,12.716936268574182,1.151349402,296.1408386,0.001035372,2.276529551,2.885847569,3.753413677,-3.087464809,4.129043102,-3.932350636,302.1816406,2.323255062,2.168798447,2.916356564,2.811645508,0.000400009,0,2.449489742783178
1.791759469228055,12.716936268574182,1.151349402,290.6341858,0.004196509,2.030260563,2.717763901,5.369519711,-4.400304317,5.742415428,-3.812713623,298.1954651,2.159753323,1.90440011,2.805283308,2.637106895,0.000405792,0,2.449489742783178
1.6094379124341003,12.716936268574182,1.151349402,296.1366882,0.001277477,2.309706211,2.903789997,5.428668499,-4.225666046,5.435943604,-3.68593812,301.989502,2.334379673,2.243987799,2.92103529,2.85463953,0.000434429,0,2.449489742783178
2.772588722239781,12.716936268574182,1.151349402,297.2902527,0.002266453,2.276529551,2.885847569,4.487997532,-1.885613084,5.054008007,-4.09344101,302.0675964,2.323255062,2.168798447,2.916356564,2.811645508,0.00040632,0,2.449489742783178
2.772588722239781,12.716936268574182,1.151349402,293.3778381,0.001736972,2.030260563,2.717763901,4.565950871,-3.638357639,5.77686739,-5.613989353,299.7218933,2.159753323,1.90440011,2.805283308,2.637106895,0.000256902,0,2.449489742783178
0.6931471805599453,12.716936268574182,1.151349402,287.653595,0.00427568,1.786830425,2.562734127,4.744538307,-7.909762383,4.59114933,-6.707499504,295.8102417,1.895873189,1.709216595,2.631839037,2.511482477,0.000370202,0,2.449489742783178
0.6931471805599453,12.716936268574182,1.151349402,296.1968079,0.002811461,2.309706211,2.903789997,5.631151199,-3.261890411,4.867312431,-3.290505886,301.0613708,2.334379673,2.243987799,2.92103529,2.85463953,0.000438187,0,2.449489742783178
2.4849066497880004,12.716936268574182,1.151349402,295.374115,0.002916001,2.276529551,2.885847569,5.833528519,-3.518384218,4.659173489,-3.733333349,300.6313477,2.323255062,2.168798447,2.916356564,2.811645508,0.000435745,0,2.449489742783178
1.3862943611198906,12.716936268574182,1.151349402,291.5418396,0.001285349,2.030260563,2.717763901,5.276805401,-3.265750885,3.748627424,-5.040021896,298.5153198,2.159753323,1.90440011,2.805283308,2.637106895,0.000399175,0,2.449489742783178
0.6931471805599453,12.048207575890197,1.280333589,296.9227905,0.006073421,2.481429338,2.233874798,4.585856915,-4.736391544,5.418893337,-4.720578671,302.4779358,2.656226635,2.364027739,2.612205029,1.974122882,0.000443672,0,3.605551275463989
0.6931471805599453,12.048207575890197,1.280333589,296.9372864,0.002394613,2.80954504,2.940531731,7.097943783,-4.892744541,5.462135792,-6.601829052,303.0490112,2.866909504,2.670394897,3.064830303,2.642472506,0.00054342,0,3.605551275463989
0.6931471805599453,12.048207575890197,1.280333589,297.0899353,0.004260589,2.743516207,2.792255163,4.471424103,-4.110756874,6.441421509,-3.720305443,301.3999329,2.829001904,2.572037458,2.979255199,2.421255589,0.000512721,0,3.605551275463989
0.6931471805599453,12.048207575890197,1.280333589,297.2564087,0.000766586,2.743516207,2.792255163,4.414513588,-3.408712387,5.488193035,-4.758478165,303.1607666,2.829001904,2.572037458,2.979255199,2.421255589,0.000530091,0,3.605551275463989
0.6931471805599453,12.048207575890197,1.280333589,292.776886,0.002033971,2.387334585,2.022447109,5.356889248,-4.972673416,6.306399345,-4.643308163,299.3475647,2.55795145,2.276224613,2.390769958,1.782945395,0.000404036,0,3.605551275463989
0.6931471805599453,12.048207575890197,1.280333589,296.375,0.006107976,2.80954504,2.940531731,3.910925865,-5.616221428,5.205577374,-3.782786131,300.8066406,2.866909504,2.670394897,3.064830303,2.642472506,0.000542645,0,3.605551275463989
1.6094379124341003,12.048207575890197,1.280333589,297.1569519,0.004154737,2.743516207,2.792255163,4.316030979,-3.23297739,5.234639645,-3.510365009,300.9837646,2.829001904,2.572037458,2.979255199,2.421255589,0.000519036,0,3.605551275463989
1.3862943611198906,12.048207575890197,1.280333589,292.8894958,0.001402793,2.387334585,2.022447109,5.590013981,-4.305734158,5.043321609,-5.667010307,300.3104248,2.55795145,2.276224613,2.390769958,1.782945395,0.000423222,0,3.605551275463989
0.6931471805599453,8.915432254432663,0.990077547,298.0355835,0.003261334,4.874036312,2.37706089,3.738016129,-3.558977127,6.097491741,-4.247826576,302.2633057,4.925396919,4.799191475,2.658212185,1.957168818,0.000506104,0,2.449489742783178
1.0986122886681098,8.915432254432663,0.990077547,295.252533,0.002664711,4.726404667,1.546016932,5.230770111,-4.787828922,5.428362846,-4.12497139,301.975708,4.79347229,4.687596321,1.924930334,1.324090362,0.000407007,0,2.449489742783178
1.3862943611198906,8.915432254432663,0.990077547,294.9852295,0.004477106,4.814821243,2.045530319,4.38147068,-4.707112789,5.285016537,-6.076860428,301.8078918,4.885844231,4.758704662,2.435303688,1.739245176,0.000478569,0,2.449489742783178
1.3862943611198906,9.60649561075857,-0.240403708,297.4588013,0.002198873,2.615757942,3.103877544,6.131220341,-4.557805061,5.442918301,-5.348900795,302.7386169,2.69626689,2.406006575,3.184587955,2.909070015,0.000531254,0,3.605551275463989
1.0986122886681098,9.60649561075857,-0.240403708,296.598114,0.002277607,2.524258852,2.994862556,4.288772583,-3.716624498,3.888218403,-3.139033794,301.6275635,2.656405926,2.232402802,3.130487442,2.714354992,0.000481122,0,3.605551275463989
0.6931471805599453,9.60649561075857,-0.240403708,295.4431763,0.006443029,1.908667088,2.410778284,5.490445614,-3.266098499,5.014137745,-4.853527546,300.6551208,2.207850933,1.706291914,2.69114399,2.229118347,0.000451858,0,3.605551275463989
0.6931471805599453,9.60649561075857,-0.240403708,294.6999512,0.001136631,1.908667088,2.410778284,4.267034531,-3.349439144,5.071298122,-5.786957741,299.2862244,2.207850933,1.706291914,2.69114399,2.229118347,0.000371518,0,3.605551275463989
0.6931471805599453,9.60649561075857,-0.240403708,297.8974304,0.001573819,2.615757942,3.103877544,4.755092621,-3.50394392,4.600725651,-3.170145988,303.6729431,2.69626689,2.406006575,3.184587955,2.909070015,0.00052336,0,3.605551275463989
1.0986122886681098,10.371207325767013,1.050488377,299.4502258,0.003109554,2.045915842,1.927140951,3.039655209,-1.976177454,3.163479805,-3.648912907,304.0892639,2.226065636,1.88479495,1.928959608,1.926377535,0.000414915,0,3.4641016151377544
1.0986122886681098,10.371207325767013,1.050488377,299.675415,0.001689951,2.353184462,1.930920839,3.337605,-2.678861141,3.068119049,-4.43275404,304.3420105,2.422455788,2.239276409,1.931403399,1.929053068,0.000439672,0,3.4641016151377544
1.3862943611198906,10.371207325767013,1.050488377,298.7325439,0.003672277,2.185192585,1.930769682,3.462007523,-2.036531448,4.077293396,-3.340281725,302.6656189,2.325802326,1.953516483,1.931374907,1.928815961,0.000425549,0,3.4641016151377544
1.791759469228055,10.371207325767013,1.050488377,296.3812256,0.004862024,1.675782204,1.926384926,3.11540246,-2.186777353,3.445992708,-4.009824753,301.5215149,1.935194969,1.426851749,1.928698301,1.923965454,0.0003472,0,3.4641016151377544
0.6931471805599453,10.371207325767013,1.050488377,296.2582703,0.004545997,2.045915842,1.927140951,3.987852097,-2.56647706,4.277110577,-5.066016197,301.567627,2.226065636,1.88479495,1.928959608,1.926377535,0.000405576,0,3.4641016151377544
1.6094379124341003,10.371207325767013,1.050488377,299.5952759,0.001765185,2.353184462,1.930920839,2.493109703,-2.785872221,3.183189869,-3.705322504,303.1136169,2.422455788,2.239276409,1.931403399,1.929053068,0.000449861,0,3.4641016151377544
0.6931471805599453,10.300046451173296,0.386196021,299.0516663,0.00451691,2.064734936,2.796135902,4.057451725,-4.098690987,3.472153187,-4.533576488,304.6187744,2.366175652,1.80978322,2.942134857,2.672130108,0.000464706,0,0.0
1.0986122886681098,10.300046451173296,0.386196021,298.0922241,0.003526621,2.228995323,2.876120567,4.011885166,-2.697668552,4.985532284,-3.558231354,301.559967,2.469838381,1.928584337,2.992817402,2.72950387,0.000476813,0,0.0
1.3862943611198906,10.300046451173296,0.386196021,295.5841064,0.004865741,1.63708961,2.588740349,4.915216446,-5.079927444,4.481673241,-5.093668938,301.6698303,1.906763077,1.450786352,2.718851566,2.502428055,0.000380512,0,0.0
0.6931471805599453,10.300046451173296,0.386196021,297.4712219,0.006232855,2.228995323,2.876120567,3.286079168,-3.760746241,3.694571257,-3.390955687,301.1919556,2.469838381,1.928584337,2.992817402,2.72950387,0.000457978,0,0.0
1.791759469228055,10.300046451173296,0.386196021,297.8317871,0.005061262,2.56643939,3.039063454,3.190545559,-3.10750556,3.990747452,-2.955034256,302.1947021,2.702016115,2.388519049,3.10473156,2.952977657,0.000527263,0,0.0
0.6931471805599453,10.300046451173296,0.386196021,295.563385,0.00163265,1.63708961,2.588740349,3.141098499,-2.227604866,4.89167738,-4.070189476,299.9864807,1.906763077,1.450786352,2.718851566,2.502428055,0.000396782,0,0.0
0.6931471805599453,10.300046451173296,0.386196021,297.3392944,0.002528897,2.228995323,2.876120567,3.998197317,-2.862995386,4.226721764,-2.824103594,301.6060791,2.469838381,1.928584337,2.992817402,2.72950387,0.000485597,0,0.0
0.6931471805599453,10.300046451173296,0.386196021,293.6410217,0.001260199,1.63708961,2.588740349,3.736016512,-2.540615559,4.043512344,-4.550773621,301.1191406,1.906763077,1.450786352,2.718851566,2.502428055,0.000391096,0,0.0
0.6931471805599453,10.467550579684536,0.917060692,298.0700989,0.003227435,3.513391256,2.968856335,5.845126152,-3.130916595,4.246697426,-5.468932152,303.6759338,3.560819149,3.448148727,3.133682966,2.744496346,0.000568239,0,1.7320508075688772
0.6931471805599453,10.842576420686262,0.609942034,296.1781311,0.004161298,2.319602489,2.809945583,3.621288776,-5.333420277,6.175925732,-4.942974567,300.2225037,2.429699659,2.106429338,2.901003122,2.632674217,0.000477108,0,3.0
0.6931471805599453,10.842576420686262,0.609942034,293.2507324,0.003677526,1.990513444,2.546505213,3.941560507,-4.276460648,5.355866909,-5.748727798,301.23172,2.218630314,1.818374872,2.731421947,2.404659033,0.000418692,0,3.0
1.0986122886681098,10.842576420686262,0.609942034,297.5430603,0.003099056,2.40988493,2.885595798,3.439987183,-2.947046757,4.304582596,-4.464570522,303.3029175,2.483781815,2.236321926,2.945178986,2.745725155,0.000433177,0,3.0
1.0986122886681098,10.842576420686262,0.609942034,297.9761658,0.002453881,2.40988493,2.885595798,5.080920219,-3.591706276,5.999357224,-4.014879704,303.0220947,2.483781815,2.236321926,2.945178986,2.745725155,0.000501838,0,3.0
1.0986122886681098,10.842576420686262,0.609942034,296.6782532,0.000901963,2.319602489,2.809945583,3.541315556,-3.665669441,4.632897854,-4.041585922,302.2910156,2.429699659,2.106429338,2.901003122,2.632674217,0.000436309,0,3.0
0.6931471805599453,10.842576420686262,0.609942034,296.8177795,0.002057591,2.40988493,2.885595798,5.637042999,-3.701687336,5.358518124,-3.183871269,301.8803101,2.483781815,2.236321926,2.945178986,2.745725155,0.000463371,0,3.0
1.0986122886681098,12.133308385575335,0.981146122,297.095459,0.002711076,2.507062197,3.021373034,6.864655018,-4.594957352,5.077152729,-6.054283142,303.1583252,2.525304794,2.453518152,3.066272259,2.884392262,0.000481518,0,3.4641016151377544
0.6931471805599453,12.133308385575335,0.981146122,297.5492859,0.00284361,2.489135504,2.977071524,3.813139915,-3.701617241,5.783408165,-4.75070715,302.1147461,2.521941423,2.406774282,3.062880754,2.755144358,0.00046858,0,3.4641016151377544
0.6931471805599453,12.133308385575335,0.981146122,296.4592896,0.007485369,2.381331921,2.698359966,5.484464645,-3.864245892,5.531584263,-5.794365406,303.8114014,2.448374748,2.329000235,2.871442556,2.556128502,0.000450249,0,3.4641016151377544
2.1972245773362196,12.133308385575335,0.981146122,297.4346313,0.001841949,2.507062197,3.021373034,4.68768549,-3.649835587,5.543017387,-3.564747334,303.0830994,2.525304794,2.453518152,3.066272259,2.884392262,0.000470006,0,3.4641016151377544
1.0986122886681098,12.133308385575335,0.981146122,296.9780273,0.001283819,2.489135504,2.977071524,5.36917305,-3.383665562,4.809603691,-3.947204828,302.4301453,2.521941423,2.406774282,3.062880754,2.755144358,0.000468589,0,3.4641016151377544
0.6931471805599453,9.925738161470948,0.163102525,296.8343506,0.003804812,1.620460868,2.235840321,2.41236496,-3.2557199,3.315535784,-3.959747076,302.181366,1.904552579,1.355200529,2.242535591,2.230359077,0.000342071,0,3.605551275463989
0.6931471805599453,9.925738161470948,0.163102525,299.0585632,0.004039699,2.168725967,2.249044895,2.953578472,-3.582239866,2.824835062,-2.556029558,302.3208923,2.282113075,1.924801946,2.25124073,2.243052006,0.000402872,0,3.605551275463989
1.0986122886681098,9.660205067381032,1.000087865,297.6224976,0.002399643,4.276939392,2.749364853,6.663427353,-4.336209297,5.111492157,-5.741445065,303.3518066,4.319727898,4.190448761,2.930810452,2.389656305,0.000581003,0,1.7320508075688772
1.0986122886681098,9.660205067381032,1.000087865,294.6543579,0.005467176,3.967155933,1.437354684,7.209158421,-5.702903748,5.58848381,-5.836858749,301.3006287,4.077645302,3.904310226,1.898187637,1.179072738,0.000420666,0,1.7320508075688772
0.6931471805599453,8.109826276018477,0.655798621,299.0005493,0.003441983,3.880118132,1.19e-07,2.570981979,-1.89127636,3.262411594,-2.880435705,303.6059875,4.024284363,3.569096565,0.0,0.0,0.000730518,10,5.291502622129181
1.0986122886681098,8.109826276018477,0.655798621,297.5568848,0.004571585,3.977295399,1.19e-07,3.105541229,-1.668249846,4.844988823,-3.323899746,303.104126,4.026100636,3.921017885,0.0,0.0,0.000729797,10,5.291502622129181
0.6931471805599453,8.767173396684006,0.778567022,300.5644226,0.003836742,2.708473921,3.113151312,2.646574736,-2.111604691,3.437871456,-2.450865746,303.4804077,2.749767303,2.580721617,3.135979652,3.042235374,0.000509256,1,2.6457513110645907
0.6931471805599453,8.767173396684006,0.778567022,297.8124695,0.004383282,2.676514149,3.095208883,1.673159719,-4.2275424,2.670666218,-3.154835224,302.7010498,2.750345707,2.481725454,3.136373043,2.986675978,0.000509348,1,2.6457513110645907
0.6931471805599453,8.630878955820053,0.641980535,296.940033,0.003812685,2.400475264,2.864024639,3.12228632,-4.624498844,5.851777554,-5.406985283,301.2905579,2.521864176,2.176285982,3.013902903,2.584822178,0.00051105,0,2.8284271247461903
0.6931471805599453,10.139191885895196,1.002815932,298.8479004,0.003723016,2.90599227,3.007059574,3.020773888,-1.965211511,4.042587757,-3.29759407,303.2525024,3.04837513,2.655170679,3.041488171,2.949213266,0.000564463,0,3.0
0.6931471805599453,10.139191885895196,1.002815932,296.6388855,0.00409678,2.343856096,2.878287792,2.345751524,-2.56769371,2.514932394,-3.713505507,302.5601501,2.635014772,2.053800821,2.94455719,2.813002825,0.000487927,0,3.0
1.0986122886681098,11.854690811195022,1.0473174,297.9644165,0.003068,2.494651318,2.990478039,6.170258999,-3.564678669,4.520470619,-5.67812109,303.5899963,2.554051161,2.408721447,3.124976158,2.793799162,0.000517643,0,0.0
0.6931471805599453,11.854690811195022,1.0473174,297.7910461,0.003680151,2.349615335,2.667011261,3.785800457,-3.294379711,6.051680565,-4.461611748,301.5913086,2.459803581,2.194425583,2.913951397,2.320434093,0.000490103,0,0.0
1.6094379124341003,11.854690811195022,1.0473174,295.2069397,0.003119614,2.04380703,1.983286381,5.844051838,-5.543719769,5.44207859,-4.770557404,301.7452393,2.182773113,1.959358215,2.294183254,1.794065237,0.000398157,0,0.0
0.6931471805599453,11.854690811195022,1.0473174,286.8681946,0.002861763,1.910046101,1.682600617,6.138632298,-3.355712891,5.518467426,-4.806113243,299.1210632,1.95547843,1.88719511,1.785136223,1.630117774,0.000332328,0,0.0
0.6931471805599453,11.854690811195022,1.0473174,298.4859314,0.002209809,2.494651318,2.990478039,2.83936429,-2.599111319,4.378983974,-3.656319618,302.6758728,2.554051161,2.408721447,3.124976158,2.793799162,0.000547015,0,0.0
0.6931471805599453,11.854690811195022,1.0473174,297.1251526,0.003192005,2.349615335,2.667011261,4.217543125,-4.356536865,4.583388805,-3.723843336,301.6038818,2.459803581,2.194425583,2.913951397,2.320434093,0.000478742,0,0.0
0.6931471805599453,11.854690811195022,1.0473174,285.8258667,0.001893345,1.910046101,1.682600617,4.50681591,-4.114053249,6.306529999,-5.19641161,294.8746643,1.95547843,1.88719511,1.785136223,1.630117774,0.000328185,0,0.0
0.6931471805599453,11.854690811195022,1.0473174,298.0086365,0.002562358,2.349615335,2.667011261,4.131433487,-2.837410927,5.078433037,-2.859978199,302.194397,2.459803581,2.194425583,2.913951397,2.320434093,0.000476743,0,0.0
0.6931471805599453,11.854690811195022,1.0473174,295.3036499,0.001464905,2.04380703,1.983286381,4.161670208,-2.830052376,5.687644005,-5.171394348,300.1427002,2.182773113,1.959358215,2.294183254,1.794065237,0.000410168,0,0.0
0.6931471805599453,11.854690811195022,1.0473174,289.2844543,0.004190823,1.910046101,1.682600617,6.145359039,-5.678622246,6.094829082,-5.631992817,297.7965088,1.95547843,1.88719511,1.785136223,1.630117774,0.000343146,0,0.0
0.6931471805599453,8.381144346952961,0.159890129,298.5508728,0.002674334,2.463827133,2.926873207,5.604859829,-2.95024538,3.985526323,-5.068511963,304.0433044,2.52187109,2.392192125,3.037214279,2.789525986,0.000532809,0,3.1622776601683795
1.0986122886681098,8.381144346952961,0.159890129,298.3554077,0.003427548,2.307029247,2.628556252,3.448932171,-3.3255229,5.073336601,-3.974348545,302.2398071,2.418815851,2.160770893,2.841789722,2.347661018,0.00049391,0,3.1622776601683795
1.0986122886681098,8.381144346952961,0.159890129,295.4162598,0.003931659,2.019066334,2.076526165,4.665338039,-4.214578152,4.882613182,-4.436600685,301.6925049,2.149920225,1.93382287,2.326761723,1.916981101,0.000407817,0,3.1622776601683795
0.6931471805599453,8.381144346952961,0.159890129,298.9708557,0.002399424,2.463827133,2.926873207,2.552312851,-2.326627254,4.240341187,-3.302840233,302.9513245,2.52187109,2.392192125,3.037214279,2.789525986,0.000529912,0,3.1622776601683795
1.0986122886681098,8.73681053295389,-0.317354574,297.3890381,0.003502564,2.492542267,2.844368458,3.14653492,-3.673326969,6.197443008,-6.896192074,302.4058533,2.502798319,2.471073389,3.099473476,2.364037991,0.000512567,0,4.47213595499958
1.3862943611198906,10.784669107296715,0.206045191,296.0993958,0.002799651,2.401610851,2.827282906,3.471128464,-4.044268608,6.387733936,-6.207709789,301.4356995,2.449365854,2.290142059,2.91371727,2.624898911,0.000509018,0,2.8284271247461903
1.3862943611198906,10.784669107296715,0.206045191,295.9356995,0.00565023,2.342801571,2.721796036,3.19455719,-5.015095234,6.131849766,-5.283781528,300.4783325,2.413567066,2.207007408,2.849363804,2.476937771,0.000493264,0,2.8284271247461903
0.6931471805599453,10.784669107296715,0.206045191,292.0509033,0.00615456,2.053378582,2.201921225,6.596815109,-5.011437416,6.210466385,-2.851341963,299.6888428,2.195960045,1.941902757,2.456891537,2.007823944,0.000435349,0,2.8284271247461903
1.6094379124341003,10.784669107296715,0.206045191,290.4525146,0.004405808,2.053378582,2.201921225,6.741941929,-3.748827219,4.991658211,-3.93979311,297.7540283,2.195960045,1.941902757,2.456891537,2.007823944,0.000416069,0,2.8284271247461903
0.6931471805599453,10.784669107296715,0.206045191,291.5535583,0.002614847,2.053378582,2.201921225,4.615952015,-3.177855492,4.193977356,-5.437336922,298.2009277,2.195960045,1.941902757,2.456891537,2.007823944,0.00040642,0,2.8284271247461903
1.0986122886681098,11.82196777454334,0.713638583,297.7440796,0.003167073,2.415806293,2.874255657,3.740869045,-3.509290695,5.827136993,-3.662694454,302.2337952,2.470455885,2.296238661,2.96860981,2.67029047,0.000469859,2,0.0
1.0986122886681098,11.82196777454334,0.713638583,295.6621704,0.004117339,2.157369614,2.434566975,5.064745903,-2.84779048,4.864011765,-4.116337299,300.7935486,2.286134005,2.056849718,2.653326988,2.265372753,0.000424032,2,0.0
0.6931471805599453,11.82196777454334,0.713638583,294.9085388,0.001246639,2.157369614,2.434566975,4.099118233,-3.052829742,4.938245773,-5.532984257,299.9163513,2.286134005,2.056849718,2.653326988,2.265372753,0.000433173,2,0.0
0.6931471805599453,11.82196777454334,0.713638583,297.6163025,0.002373399,2.455796719,2.944311619,4.405564785,-3.801383972,5.410251617,-3.468142509,303.3252258,2.487535,2.374385357,3.000143766,2.802986622,0.00047609,2,0.0
0.6931471805599453,9.756899867693285,1.122492025,299.9510193,0.001418978,4.161024094,0.467055917,2.257537842,-2.179846287,2.297522545,-4.024772644,305.0618591,4.211769104,4.092550278,0.467760921,0.465463996,0.000376284,0,2.6457513110645907
1.0986122886681098,9.756899867693285,1.122492025,298.6586304,0.003621101,3.975592136,0.464334369,2.748331547,-2.018939257,3.394291878,-3.210830688,303.2974243,4.126715183,3.699238539,0.467055082,0.45825243,0.000733792,0,2.6457513110645907
0.6931471805599453,9.756899867693285,1.122492025,296.6699524,0.002816491,3.303462267,0.449365497,2.075544834,-2.578639507,3.66926837,-3.37380743,302.9311523,3.676855326,2.843108416,0.457752228,0.439326286,0.00063765,0,2.6457513110645907
1.0986122886681098,11.307928759137056,0.7852264,296.7929077,0.003480256,2.609593153,2.994509935,4.246914864,-4.010941982,3.692681551,-3.900633574,301.4017334,2.688680887,2.436669588,3.085822582,2.7935853,0.000536947,0,2.449489742783178
0.6931471805599453,11.307928759137056,0.7852264,297.944397,0.003753635,2.492948055,2.860950232,4.174425125,-3.397852421,4.753523827,-2.692695379,302.6634521,2.618505716,2.262661219,3.006123781,2.592396736,0.00051382,0,2.449489742783178
0.6931471805599453,11.307928759137056,0.7852264,296.7963562,0.002382366,2.492948055,2.860950232,3.856924534,-3.014948606,5.005190849,-3.270130396,301.7093811,2.618505716,2.262661219,3.006123781,2.592396736,0.000521606,0,2.449489742783178
1.6094379124341003,9.780415554946133,-0.287791048,294.6260376,0.00566882,2.430082798,2.217998743,5.197886467,-5.031434536,5.371212482,-4.955006123,302.0716858,2.478362799,2.393685579,2.721678257,1.825089216,0.000436695,0,1.7320508075688772
2.772588722239781,9.780415554946133,-0.287791048,298.6973267,0.001268728,2.517850637,3.123432875,3.13239193,-3.076472044,4.629377365,-4.296944618,303.5470886,2.534806967,2.482184887,3.299805641,2.760254145,0.000508934,0,1.7320508075688772
1.0986122886681098,9.780415554946133,-0.287791048,296.5041809,0.00231916,2.490108967,2.818967104,4.635692596,-3.989430666,5.336318016,-3.176938295,301.3716736,2.518313408,2.439811468,3.122094154,2.275499344,0.00048694,0,1.7320508075688772
1.3862943611198906,9.471935109664646,0.107423349,296.6450806,0.003896448,1.487511158,2.21850276,2.831122637,-3.750785828,3.532432318,-4.115402222,301.9137573,1.832139015,1.198482275,2.219468832,2.216298342,0.000317729,0,3.605551275463989
1.6094379124341003,9.471935109664646,0.107423349,297.6156006,0.003053128,2.157856464,2.219712257,1.90655005,-3.146380901,2.969490528,-3.264070511,302.1328125,2.273467779,1.858187199,2.219868183,2.219458818,0.000429456,0,3.605551275463989
0.6931471805599453,9.471935109664646,0.107423349,299.4536743,0.001561791,2.157856464,2.219712257,2.412213802,-2.043396473,4.333470345,-2.312687635,303.3917236,2.273467779,1.858187199,2.219868183,2.219458818,0.000401589,0,3.605551275463989
0.6931471805599453,9.471935109664646,0.107423349,299.0675659,0.000751714,1.633763909,2.219359398,3.071496964,-3.402883053,3.778793335,-3.960902214,304.1325378,1.90990901,1.477765203,2.219475269,2.219231606,0.000225991,0,3.605551275463989
0.6931471805599453,9.681281062043258,-0.504295333,299.5137939,0.002646778,2.344991684,0.413682461,4.250579834,-3.248598099,3.322989464,-3.762971401,305.0589294,2.434673309,2.161261559,0.416855812,0.406973958,0.000442061,0,4.47213595499958
1.6094379124341003,9.681281062043258,-0.504295333,298.7173462,0.003379871,2.180325747,0.408793569,3.426822662,-2.440678596,5.166694164,-3.208748341,302.2896729,2.343170166,1.882656336,0.413931847,0.399550676,0.000423048,0,4.47213595499958
1.0986122886681098,9.681281062043258,-0.504295333,296.5000305,0.005718247,1.550781846,0.389036894,2.799848795,-3.467756987,3.227820158,-4.104557037,302.2355347,1.858665228,1.314953804,0.398798585,0.381475449,0.000317277,0,4.47213595499958
1.0986122886681098,9.657650950674242,0.205844874,298.8050842,0.003665279,2.161587715,2.963766098,3.040267944,-2.408584595,4.27719593,-3.6200068,302.6567383,2.351043463,1.835725069,2.981916428,2.931505442,0.000453857,0,3.872983346207417
1.0986122886681098,9.657650950674242,0.205844874,296.5960388,0.005219385,1.482563019,2.896230221,2.718849182,-2.928594589,2.964035749,-4.160057068,302.2252808,1.809805155,1.242159128,2.928934097,2.871956348,0.000337567,0,3.872983346207417
1.0986122886681098,9.657650950674242,0.205844874,298.7504883,0.002866575,2.161587715,2.963766098,2.692307234,-3.206193924,3.246681452,-2.556803226,303.1729736,2.351043463,1.835725069,2.981916428,2.931505442,0.000440779,0,3.872983346207417
1.0986122886681098,10.995545072233563,0.028890468,295.8721313,0.008188719,4.648694992,2.305190563,5.746512413,-5.527565002,5.416196346,-3.798754215,302.8357239,4.699719429,4.609094143,2.711057186,1.987325907,0.00046232,0,4.795831523312719
0.6931471805599453,10.995545072233563,0.028890468,296.4703369,0.002835737,4.742222309,3.040625811,5.248420715,-4.327345371,5.852789879,-5.951894283,301.7443542,4.758432388,4.703574181,3.176415443,2.742039442,0.000544253,0,4.795831523312719
1.0986122886681098,10.995545072233563,0.028890468,296.6347351,0.003957904,4.72153759,2.841193438,3.28442049,-5.788442135,5.987475872,-5.24178791,300.9568787,4.746933937,4.671133995,3.057148695,2.443108797,0.000517034,0,4.795831523312719
0.6931471805599453,10.995545072233563,0.028890468,294.3041382,0.007733816,4.616248608,2.015239954,6.124204159,-4.546482563,5.241948605,-5.099694729,299.6950989,4.667015076,4.581795692,2.410895824,1.745128751,0.000402633,0,4.795831523312719
0.6931471805599453,10.995545072233563,0.028890468,296.591217,0.001915652,4.72153759,2.841193438,5.218191147,-3.735633612,4.8265028,-4.442543983,302.2270508,4.746933937,4.671133995,3.057148695,2.443108797,0.000480837,0,4.795831523312719
0.6931471805599453,13.425475295167296,1.339763753,295.2822266,0.00473277,2.156477451,2.23326993,4.715233326,-4.640578747,4.225256443,-3.304576874,302.9820862,2.20351243,2.115200043,2.342784882,2.13855195,0.000427604,0,1.7320508075688772
3.4965075614664802,13.425475295167296,1.339763753,296.5249023,0.003028415,2.243515253,2.436280727,4.569677353,-4.312823772,5.335488319,-4.815531731,302.9084473,2.255246878,2.207016468,2.463636875,2.350823164,0.000449811,0,1.7320508075688772
4.04305126783455,13.425475295167296,1.339763753,296.7383423,0.004002738,2.2330513,2.412088633,3.704257965,-4.274792671,6.725311279,-2.804778099,301.4012451,2.255250931,2.174201965,2.463631392,2.275755167,0.000439078,0,1.7320508075688772
2.4849066497880004,13.425475295167296,1.339763753,293.4241333,0.002259891,2.095315695,2.095678091,6.486418247,-4.866014004,5.720535278,-4.218427658,300.4393311,2.169205189,2.020642996,2.264040232,1.930766106,0.000410501,0,1.7320508075688772
1.0986122886681098,13.425475295167296,1.339763753,288.4997559,0.006003217,2.069358587,2.036155939,5.230685711,-6.965547562,6.502232552,-3.632482052,297.2637024,2.112535,2.017494202,2.132570505,1.924302578,0.000394821,0,1.7320508075688772
0.6931471805599453,13.425475295167296,1.339763753,293.2217407,0.00466694,2.156477451,2.23326993,4.338545799,-4.30002737,5.558297157,-6.809526443,300.7357788,2.20351243,2.115200043,2.342784882,2.13855195,0.000423906,0,1.7320508075688772
1.0986122886681098,13.425475295167296,1.339763753,297.4159851,0.002802276,2.243515253,2.436280727,3.31896615,-3.036878824,4.22898674,-4.94653368,303.1349487,2.255246878,2.207016468,2.463636875,2.350823164,0.000449803,0,1.7320508075688772
1.6094379124341003,13.425475295167296,1.339763753,295.4355774,0.003305075,2.2330513,2.412088633,4.925513268,-3.842069387,3.492672682,-3.392760515,299.8441772,2.255250931,2.174201965,2.463631392,2.275755167,0.000444568,0,1.7320508075688772
1.6094379124341003,13.425475295167296,1.339763753,294.2771912,0.00533661,2.095315695,2.095678091,5.428028107,-3.359998941,5.139023781,-3.990139961,299.6539001,2.169205189,2.020642996,2.264040232,1.930766106,0.000397981,0,1.7320508075688772
2.4849066497880004,13.425475295167296,1.339763753,296.5898438,0.000843788,2.2330513,2.412088633,3.744524479,-4.092345715,4.376966953,-4.530857086,302.4313965,2.255250931,2.174201965,2.463631392,2.275755167,0.000447416,0,1.7320508075688772
2.772588722239781,13.425475295167296,1.339763753,291.6578674,0.003485942,2.095315695,2.095678091,5.386139393,-4.468775749,5.997673035,-4.016700268,297.9239807,2.169205189,2.020642996,2.264040232,1.930766106,0.000410491,0,1.7320508075688772
1.6094379124341003,13.425475295167296,1.339763753,296.2499695,0.002391551,2.243515253,2.436280727,4.178429604,-4.785389423,4.945749283,-4.827740669,301.2753601,2.255246878,2.207016468,2.463636875,2.350823164,0.00044981,0,1.7320508075688772
3.295836866004329,13.425475295167296,1.339763753,297.2135925,0.002997797,2.2330513,2.412088633,4.216529846,-2.456470013,4.800953865,-3.867651701,301.1789551,2.255250931,2.174201965,2.463631392,2.275755167,0.0004498,0,1.7320508075688772
0.6931471805599453,13.425475295167296,1.339763753,294.0823975,0.001824235,2.095315695,2.095678091,4.517498493,-3.72859621,5.940052509,-6.690149307,299.6289368,2.169205189,2.020642996,2.264040232,1.930766106,0.000377358,0,1.7320508075688772
0.6931471805599453,13.425475295167296,1.339763753,290.3986206,0.004523033,2.069358587,2.036155939,4.60334444,-4.443950653,6.851243019,-4.980599403,300.2667542,2.112535,2.017494202,2.132570505,1.924302578,0.00039575,0,1.7320508075688772
1.0986122886681098,13.425475295167296,1.339763753,296.9075928,0.002698611,2.243515253,2.436280727,5.331353664,-2.83458519,5.225752831,-3.418256283,302.6357727,2.255246878,2.207016468,2.463636875,2.350823164,0.000449803,0,1.7320508075688772
2.70805020110221,13.425475295167296,1.339763753,296.1670837,0.003136017,2.2330513,2.412088633,5.517727852,-3.231469631,4.645598888,-3.58207202,302.1019592,2.255250931,2.174201965,2.463631392,2.275755167,0.000439079,0,1.7320508075688772
0.6931471805599453,13.425475295167296,1.339763753,292.340332,0.001237672,2.095315695,2.095678091,5.510645866,-3.213932037,4.047647476,-5.245200634,299.7889404,2.169205189,2.020642996,2.264040232,1.930766106,0.000401554,0,1.7320508075688772
0.6931471805599453,11.013847236237872,1.042029883,299.956543,0.001783774,3.185681343,1.19e-07,2.967398643,-2.531382084,2.879723072,-4.371320248,304.6602783,3.228796482,3.144872665,0.0,0.0,0.000574767,0,3.3166247903554
0.6931471805599453,11.013847236237872,1.042029883,298.8734436,0.003540618,2.993192196,1.19e-07,3.112539291,-1.994452715,3.722257376,-3.399280787,302.8695068,3.140539646,2.731434107,0.0,0.0,0.000571346,0,3.3166247903554
0.6931471805599453,11.013847236237872,1.042029883,296.7756348,0.003729578,2.379790783,1.19e-07,2.444576979,-2.918274164,3.646302938,-3.634402037,302.5895386,2.710477352,2.003644943,0.0,0.0,0.000485177,0,3.3166247903554
0.6931471805599453,11.013847236237872,1.042029883,298.9860535,0.000611743,2.379790783,1.19e-07,2.204209328,-2.19267869,4.184511662,-2.797655106,302.8826904,2.710477352,2.003644943,0.0,0.0,0.000217441,0,3.3166247903554
2.6390573296152584,10.570213752738272,1.071192089,296.1069946,0.002181815,2.215367794,2.792255163,3.416436672,-4.119328022,6.288810253,-6.121702671,301.4494324,2.25780201,2.089714527,2.823711872,2.706304312,0.000459797,0,2.0
2.1972245773362196,10.570213752738272,1.071192089,295.9377747,0.004897891,2.188680649,2.763325691,3.345042706,-4.611661434,6.208201885,-4.898204803,300.5585022,2.25100565,2.034025431,2.811645508,2.652684927,0.000456751,0,2.0
0.6931471805599453,10.570213752738272,1.071192089,292.1075439,0.005660072,1.841908336,2.517827749,7.078433037,-5.168745518,6.292758942,-2.701428413,299.7472534,2.020871639,1.684720278,2.643447876,2.40882802,0.00041777,0,2.0
1.6094379124341003,10.570213752738272,1.071192089,292.9129639,0.003528152,1.916535378,2.584960461,3.59591651,-4.016666412,5.235714912,-6.022335052,301.2783813,2.077611685,1.781034231,2.697854042,2.489869833,0.000410998,0,2.0
0.6931471805599453,10.570213752738272,1.071192089,296.4827576,0.001280538,2.188680649,2.763325691,3.593203068,-3.065965652,4.552830219,-4.155110359,302.2713623,2.25100565,2.034025431,2.811645508,2.652684927,0.000404714,0,2.0
0.6931471805599453,10.570213752738272,1.071192089,296.692749,0.00268002,2.215367794,2.792255163,5.599804401,-3.344146252,5.374091148,-3.09597683,301.6905212,2.25780201,2.089714527,2.823711872,2.706304312,0.000440592,0,2.0
1.0986122886681098,10.570213752738272,1.071192089,295.8686829,0.002954056,2.188680649,2.763325691,4.805295944,-3.337788343,4.891606331,-3.834728479,301.3149109,2.25100565,2.034025431,2.811645508,2.652684927,0.000457825,0,2.0
